Time_ms; Pressure_Pa; Floor_Marker
8367; 100920.11;1
8417; 100920.98;1
8468; 100920.47;1
8519; 100919.84;1
8570; 100919.77;1
8621; 100919.03;1
8672; 100920.14;1
8723; 100920.27;1
8774; 100920.64;1
8825; 100921.13;1
8876; 100919.70;1
8927; 100919.09;1
8978; 100919.88;1
9029; 100920.58;1
9080; 100919.70;1
9131; 100919.09;1
9182; 100920.08;1
9233; 100921.00;1
9284; 100919.80;1
9335; 100920.30;1
9386; 100920.80;1
9437; 100920.19;1
9488; 100920.11;1
9539; 100919.39;1
9590; 100919.63;1
9641; 100919.52;1
9692; 100921.17;1
9743; 100920.67;1
9794; 100919.38;1
9845; 100920.75;1
9896; 100920.81;1
9947; 100921.36;1
9998; 100921.13;1
10049; 100920.48;1
10100; 100919.56;1
10151; 100920.22;1
10202; 100920.64;1
10253; 100921.63;1
10304; 100920.84;1
10355; 100919.89;1
10406; 100920.59;1
10457; 100920.64;1
10508; 100920.25;1
10559; 100920.98;1
10610; 100921.05;1
10661; 100919.81;1
10712; 100920.31;1
10763; 100920.55;1
10814; 100919.36;1
10865; 100920.33;1
10916; 100920.92;1
10967; 100921.08;1
11018; 100918.81;1
11069; 100920.88;1
11120; 100921.39;1
11171; 100920.00;1
11222; 100920.44;0
11273; 100920.09;0
11324; 100921.63;0
11375; 100919.86;0
11426; 100920.28;0
11477; 100921.00;0
11528; 100919.89;0
11579; 100920.56;0
11630; 100920.20;0
11681; 100920.17;0
11732; 100919.28;0
11783; 100920.17;0
11834; 100919.78;0
11885; 100920.44;0
11936; 100920.31;0
11987; 100921.94;0
12038; 100920.78;0
12089; 100920.97;0
12140; 100920.81;0
12191; 100920.06;0
12242; 100919.50;0
12293; 100921.06;0
12344; 100920.13;0
12395; 100920.38;0
12446; 100920.42;0
12497; 100921.14;0
12548; 100919.55;0
12599; 100919.39;0
12650; 100921.98;0
12701; 100920.03;0
12752; 100919.44;0
12803; 100920.22;0
12854; 100921.50;0
12905; 100921.13;0
12956; 100920.94;0
13007; 100919.61;0
13058; 100920.41;0
13109; 100919.47;0
13160; 100919.52;0
13211; 100920.77;0
13262; 100920.23;0
13313; 100920.50;0
13364; 100921.14;0
13415; 100919.91;0
13466; 100920.19;0
13517; 100920.97;0
13568; 100919.73;0
13619; 100921.20;0
13670; 100920.17;0
13721; 100921.05;0
13772; 100919.89;0
13823; 100921.34;0
13874; 100920.91;0
13925; 100921.56;0
13976; 100920.64;0
14027; 100920.83;0
14078; 100922.52;0
14129; 100922.06;0
14180; 100920.42;0
14231; 100920.53;0
14282; 100920.52;0
14333; 100921.27;0
14384; 100920.95;0
14435; 100919.06;0
14486; 100920.41;0
14537; 100920.89;0
14588; 100920.25;0
14639; 100920.56;0
14690; 100922.09;0
14741; 100921.52;0
14792; 100920.75;0
14843; 100920.92;0
14894; 100920.36;0
14945; 100919.75;0
14996; 100921.13;0
15047; 100921.11;0
15098; 100919.89;0
15149; 100920.20;0
15200; 100919.70;0
15251; 100919.33;0
15302; 100921.53;0
15353; 100921.78;0
15404; 100919.80;0
15455; 100919.69;0
15506; 100920.23;0
15557; 100919.69;0
15608; 100920.17;0
15659; 100920.25;0
15710; 100920.88;0
15761; 100920.92;0
15812; 100920.66;0
15863; 100918.44;0
15914; 100920.72;0
15965; 100920.38;0
16016; 100918.89;0
16067; 100920.81;0
16118; 100919.78;0
16169; 100920.73;0
16220; 100920.13;0
16271; 100921.30;0
16322; 100919.66;0
16373; 100920.11;0
16424; 100920.47;0
16475; 100919.56;0
16526; 100921.28;0
16577; 100919.45;0
16628; 100921.77;0
16679; 100919.73;0
16730; 100920.72;0
16781; 100920.25;0
16832; 100918.78;0
16883; 100918.92;0
16934; 100921.33;0
16985; 100919.92;0
17036; 100919.13;0
17087; 100921.39;0
17138; 100920.20;0
17189; 100918.02;0
17240; 100921.55;0
17291; 100920.55;0
17342; 100919.59;0
17393; 100921.11;0
17444; 100920.58;0
17495; 100920.80;0
17546; 100920.30;0
17597; 100919.69;0
17648; 100920.28;0
17699; 100920.75;0
17750; 100919.36;0
17801; 100920.80;0
17852; 100921.16;0
17903; 100920.67;0
17954; 100920.98;0
18005; 100920.63;0
18056; 100922.14;0
18107; 100919.36;0
18158; 100919.45;0
18209; 100920.16;0
18260; 100920.69;0
18311; 100919.91;0
18362; 100919.05;0
18413; 100919.95;0
18464; 100920.08;0
18515; 100920.16;0
18566; 100919.11;0
18617; 100919.70;0
18668; 100920.98;0
18719; 100919.31;0
18770; 100920.81;0
18821; 100920.80;0
18872; 100920.94;0
18923; 100919.16;0
18974; 100919.25;0
19025; 100921.14;0
19076; 100918.91;0
19127; 100919.80;0
19178; 100920.59;0
19229; 100920.52;0
19280; 100920.44;0
19331; 100920.89;0
19382; 100921.66;0
19433; 100920.39;0
19484; 100920.53;0
19535; 100918.83;0
19586; 100920.48;0
19637; 100920.73;0
19688; 100920.83;0
19739; 100919.41;0
19790; 100919.23;0
19841; 100919.55;0
19892; 100919.77;0
19943; 100920.25;0
19994; 100918.83;0
20045; 100920.50;0
20096; 100919.72;0
20147; 100920.16;0
20198; 100919.64;0
20249; 100920.75;0
20300; 100918.70;0
20351; 100920.36;0
20402; 100920.05;0
20453; 100920.61;0
20504; 100920.67;0
20555; 100920.47;0
20606; 100920.64;0
20657; 100919.48;0
20708; 100918.92;0
20759; 100921.27;0
20810; 100920.22;0
20861; 100920.38;0
20912; 100920.38;0
20963; 100920.95;0
21014; 100920.95;0
21065; 100921.13;0
21116; 100921.22;0
21167; 100920.30;0
21218; 100920.94;0
21269; 100921.75;0
21320; 100921.41;0
21371; 100922.09;0
21422; 100922.08;0
21473; 100923.08;0
21524; 100922.84;0
21575; 100923.41;0
21626; 100923.08;0
21677; 100921.88;0
21728; 100924.23;0
21779; 100924.52;0
21830; 100923.44;0
21881; 100922.67;0
21932; 100924.70;0
21983; 100925.47;0
22034; 100924.67;0
22085; 100925.00;0
22136; 100925.31;0
22187; 100925.53;0
22238; 100926.91;0
22289; 100926.09;0
22340; 100926.81;0
22391; 100926.64;0
22442; 100927.42;0
22493; 100926.61;0
22544; 100928.69;0
22595; 100927.42;0
22646; 100929.13;0
22697; 100929.30;0
22748; 100930.59;0
22799; 100930.59;0
22850; 100930.28;0
22901; 100930.33;0
22952; 100930.53;0
23003; 100932.95;0
23054; 100933.02;0
23105; 100933.13;0
23156; 100934.28;0
23207; 100933.88;0
23258; 100934.69;0
23309; 100935.25;0
23360; 100936.11;0
23411; 100935.59;0
23462; 100937.97;0
23513; 100937.36;0
23564; 100938.45;0
23615; 100939.73;0
23666; 100939.02;0
23717; 100938.98;0
23768; 100940.61;0
23819; 100940.73;0
23870; 100943.17;0
23921; 100943.73;0
23972; 100943.69;0
24023; 100942.48;0
24074; 100943.94;0
24125; 100945.92;0
24176; 100945.47;0
24227; 100948.02;0
24278; 100947.92;0
24329; 100947.78;0
24380; 100947.14;0
24431; 100948.86;0
24482; 100949.27;0
24533; 100951.91;0
24584; 100950.31;0
24635; 100949.55;0
24686; 100952.48;0
24737; 100952.38;0
24788; 100953.61;0
24839; 100953.72;0
24890; 100953.94;0
24941; 100955.63;0
24992; 100956.31;0
25043; 100957.56;0
25094; 100956.97;0
25145; 100957.11;0
25196; 100957.47;0
25247; 100960.03;0
25298; 100960.08;0
25349; 100958.66;0
25400; 100958.77;0
25451; 100961.17;0
25502; 100962.11;0
25553; 100962.53;0
25604; 100963.88;0
25655; 100961.83;0
25706; 100964.22;0
25757; 100965.28;0
25808; 100964.83;0
25859; 100965.70;0
25910; 100967.17;0
25961; 100967.73;0
26012; 100968.16;0
26063; 100967.69;0
26114; 100969.31;0
26165; 100969.67;0
26216; 100970.86;0
26267; 100969.72;0
26318; 100972.16;0
26369; 100972.33;0
26420; 100972.69;0
26471; 100974.19;0
26522; 100974.73;0
26573; 100974.47;0
26624; 100976.63;0
26675; 100974.72;0
26726; 100977.03;0
26777; 100976.97;0
26828; 100978.95;0
26879; 100980.22;0
26930; 100978.42;0
26981; 100981.20;0
27032; 100979.27;0
27083; 100981.50;0
27134; 100981.95;0
27185; 100982.09;0
27236; 100981.38;0
27287; 100984.50;0
27338; 100985.22;0
27389; 100985.53;0
27440; 100985.27;0
27491; 100986.25;0
27542; 100987.14;0
27593; 100987.98;0
27644; 100987.84;0
27695; 100988.47;0
27746; 100990.06;0
27797; 100990.97;0
27848; 100991.14;0
27899; 100991.58;0
27950; 100993.33;0
28001; 100993.48;0
28052; 100993.33;0
28103; 100993.94;0
28154; 100995.52;0
28205; 100996.05;0
28256; 100994.72;0
28307; 100995.52;0
28358; 100998.95;0
28409; 100997.92;0
28460; 100998.45;0
28511; 100999.97;0
28562; 101000.17;0
28613; 101001.42;0
28664; 101002.53;0
28715; 101002.75;0
28766; 101003.33;0
28817; 101003.44;0
28868; 101004.02;0
28919; 101004.97;0
28970; 101005.52;0
29021; 101006.53;0
29072; 101005.06;0
29123; 101006.77;0
29174; 101008.81;0
29225; 101009.34;0
29276; 101008.88;0
29327; 101010.08;0
29378; 101010.28;0
29429; 101010.50;0
29480; 101010.77;0
29531; 101012.17;0
29582; 101012.89;0
29633; 101014.14;0
29684; 101013.58;0
29735; 101014.92;0
29786; 101014.98;0
29837; 101016.56;0
29888; 101017.38;0
29939; 101018.31;0
29990; 101019.84;0
30041; 101018.08;0
30092; 101019.27;0
30143; 101019.73;0
30194; 101020.55;0
30245; 101022.67;0
30296; 101020.67;0
30347; 101023.94;0
30398; 101024.81;0
30449; 101023.27;0
30500; 101024.36;0
30551; 101024.33;0
30602; 101025.59;0
30653; 101026.77;0
30704; 101026.69;0
30755; 101028.58;0
30806; 101028.44;0
30857; 101028.66;0
30908; 101029.88;0
30959; 101029.86;0
31010; 101030.78;0
31061; 101031.48;0
31112; 101032.25;0
31163; 101032.77;0
31214; 101033.33;0
31265; 101034.28;0
31316; 101033.50;0
31367; 101035.13;0
31418; 101036.59;0
31469; 101037.34;0
31520; 101037.42;0
31571; 101038.20;0
31622; 101039.42;0
31673; 101038.94;0
31724; 101039.70;0
31775; 101039.09;0
31826; 101041.61;0
31877; 101043.52;0
31928; 101042.52;0
31979; 101042.80;0
32030; 101044.02;0
32081; 101043.88;0
32132; 101047.03;0
32183; 101046.17;0
32234; 101047.00;0
32285; 101046.39;0
32336; 101048.05;0
32387; 101048.31;0
32438; 101049.38;0
32489; 101049.72;0
32540; 101050.66;0
32591; 101051.66;0
32642; 101050.86;0
32693; 101050.73;0
32744; 101052.70;0
32795; 101053.23;0
32846; 101054.81;0
32897; 101054.41;0
32948; 101054.95;0
32999; 101057.17;0
33050; 101055.88;0
33101; 101056.88;0
33152; 101058.89;0
33203; 101058.42;0
33254; 101059.44;0
33305; 101060.34;0
33356; 101060.00;0
33407; 101060.52;0
33458; 101062.05;0
33509; 101063.14;0
33560; 101063.27;0
33611; 101064.08;0
33662; 101064.39;0
33713; 101064.66;0
33764; 101066.58;0
33815; 101066.44;0
33866; 101067.13;0
33917; 101070.23;0
33968; 101068.72;0
34019; 101069.55;0
34070; 101069.58;0
34121; 101069.64;0
34172; 101072.94;0
34223; 101071.75;0
34274; 101073.70;0
34325; 101074.25;0
34376; 101074.36;0
34427; 101073.67;0
34478; 101075.50;0
34529; 101075.69;0
34580; 101077.11;0
34631; 101077.09;0
34682; 101076.25;0
34733; 101078.42;0
34784; 101078.94;0
34835; 101079.11;0
34886; 101080.27;0
34937; 101081.77;0
34988; 101081.11;0
35039; 101082.50;0
35090; 101082.41;0
35141; 101083.84;0
35192; 101084.23;0
35243; 101084.92;0
35294; 101085.61;0
35345; 101086.75;0
35396; 101086.64;0
35447; 101088.48;0
35498; 101088.69;0
35549; 101087.03;0
35600; 101088.91;0
35651; 101089.09;0
35702; 101090.81;0
35753; 101091.36;0
35804; 101093.11;0
35855; 101093.05;0
35906; 101093.17;0
35957; 101093.80;0
36008; 101095.08;0
36059; 101095.06;0
36110; 101094.80;0
36161; 101095.02;0
36212; 101096.47;0
36263; 101096.56;0
36314; 101097.84;0
36365; 101097.83;0
36416; 101097.86;0
36467; 101099.05;0
36518; 101098.78;0
36569; 101098.53;0
36620; 101100.63;0
36671; 101100.80;0
36722; 101101.41;0
36773; 101100.92;0
36824; 101101.50;0
36875; 101101.78;0
36926; 101103.45;0
36977; 101103.09;1
37028; 101102.27;1
37079; 101102.77;1
37130; 101104.41;1
37181; 101104.70;1
37232; 101103.42;1
37283; 101105.66;1
37334; 101104.70;1
37385; 101105.61;1
37436; 101105.94;1
37487; 101105.33;1
37538; 101105.17;1
37589; 101106.55;1
37640; 101107.91;1
37691; 101106.95;1
37742; 101105.45;1
37793; 101105.88;1
37844; 101106.42;1
37895; 101107.00;1
37946; 101108.70;1
37997; 101108.31;1
38048; 101107.56;1
38099; 101107.58;1
38150; 101108.45;1
38201; 101108.56;1
38252; 101108.36;1
38303; 101108.38;1
38354; 101108.05;1
38405; 101108.25;1
38456; 101108.28;1
38507; 101109.16;1
38558; 101107.95;1
38609; 101109.17;1
38660; 101110.03;1
38711; 101109.73;1
38762; 101110.06;1
38813; 101109.55;1
38864; 101109.83;1
38915; 101108.67;1
38966; 101110.00;1
39017; 101108.81;1
39068; 101108.83;1
39119; 101109.31;1
39170; 101108.17;1
39221; 101109.89;1
39272; 101108.17;1
39323; 101107.58;1
39374; 101109.98;1
39425; 101109.23;1
39476; 101109.00;1
39527; 101109.72;1
39578; 101109.64;1
39629; 101110.16;1
39680; 101110.17;1
39731; 101108.58;1
39782; 101111.00;1
39833; 101109.77;1
39884; 101110.44;1
39935; 101109.31;1
39986; 101109.86;1
40037; 101108.73;1
40088; 101109.11;1
40139; 101108.61;1
40190; 101109.72;1
40241; 101109.22;1
40292; 101109.28;1
40343; 101110.22;1
40394; 101110.06;1
40445; 101109.20;1
40496; 101109.95;1
40547; 101109.97;1
40598; 101109.34;1
40649; 101110.81;1
40700; 101109.55;1
40751; 101109.83;1
40802; 101108.78;1
40853; 101107.80;1
40904; 101109.52;1
40955; 101109.48;1
41006; 101110.14;1
41057; 101109.88;1
41108; 101108.20;1
41159; 101108.80;1
41210; 101110.17;1
41261; 101109.41;1
41312; 101108.97;1
41363; 101108.64;1
41414; 101108.03;1
41465; 101108.56;1
41516; 101109.42;1
41567; 101108.86;1
41618; 101110.78;1
41669; 101109.19;1
41720; 101109.23;1
41771; 101108.50;1
41822; 101109.84;1
41873; 101108.81;1
41924; 101109.80;1
41975; 101109.11;1
42026; 101108.98;1
42077; 101110.48;1
42128; 101109.20;1
42179; 101109.59;1
42230; 101107.91;1
42281; 101108.02;1
42332; 101109.53;1
42383; 101109.33;1
42434; 101108.08;1
42485; 101108.89;1
42536; 101110.17;1
42587; 101109.78;1
42638; 101109.81;1
42689; 101108.89;1
42740; 101109.48;1
42791; 101109.16;1
42842; 101109.44;1
42893; 101109.69;1
42944; 101109.47;1
42995; 101109.14;0
43046; 101110.41;0
43097; 101108.19;0
43148; 101109.13;0
43199; 101108.73;0
43250; 101110.08;0
43301; 101109.14;0
43352; 101110.17;0
43403; 101108.83;0
43454; 101109.20;0
43505; 101110.63;0
43556; 101111.13;0
43607; 101108.73;0
43658; 101109.31;0
43709; 101109.52;0
43760; 101109.56;0
43811; 101108.95;0
43862; 101109.02;0
43913; 101109.64;0
43964; 101107.94;0
44015; 101109.89;0
44066; 101108.36;0
44117; 101110.31;0
44168; 101110.67;0
44219; 101109.72;0
44270; 101110.02;0
44321; 101108.47;0
44372; 101109.88;0
44423; 101109.97;0
44474; 101109.97;0
44525; 101109.03;0
44576; 101109.73;0
44627; 101109.66;0
44678; 101109.86;0
44729; 101110.70;0
44780; 101110.45;0
44831; 101109.63;0
44882; 101109.16;0
44933; 101109.83;0
44984; 101110.19;0
45035; 101109.86;0
45086; 101109.67;0
45137; 101109.50;0
45188; 101109.52;0
45239; 101110.16;0
45290; 101110.03;0
45341; 101110.52;0
45392; 101109.06;0
45443; 101109.08;0
45494; 101109.05;0
45545; 101110.11;0
45596; 101109.77;0
45647; 101109.13;0
45698; 101109.73;0
45749; 101109.88;0
45800; 101110.09;0
45851; 101110.36;0
45902; 101110.67;0
45953; 101109.08;0
46004; 101110.08;0
46055; 101109.73;0
46106; 101110.55;0
46157; 101110.39;0
46208; 101110.66;0
46259; 101111.45;0
46310; 101109.23;0
46361; 101108.42;0
46412; 101109.09;0
46463; 101109.95;0
46514; 101110.11;0
46565; 101110.45;0
46616; 101110.17;0
46667; 101109.95;0
46718; 101109.23;0
46769; 101110.52;0
46820; 101110.61;0
46871; 101108.89;0
46922; 101109.73;0
46973; 101109.38;0
47024; 101108.39;0
47075; 101109.58;0
47126; 101109.44;0
47177; 101109.80;0
47228; 101109.95;0
47279; 101109.25;0
47330; 101110.13;0
47381; 101110.06;0
47432; 101110.03;0
47483; 101110.45;0
47534; 101111.86;0
47585; 101110.47;0
47636; 101110.20;0
47687; 101109.67;0
47738; 101109.50;0
47789; 101110.28;0
47840; 101110.38;0
47891; 101110.39;0
47942; 101109.66;0
47993; 101109.25;0
48044; 101109.84;0
48095; 101109.53;0
48146; 101110.55;0
48197; 101109.73;0
48248; 101110.39;0
48299; 101109.41;0
48350; 101109.36;0
48401; 101110.03;0
48452; 101110.16;0
48503; 101109.19;0
48554; 101111.20;0
48605; 101111.30;0
48656; 101109.50;0
48707; 101111.03;0
48758; 101109.34;0
48809; 101110.23;0
48860; 101109.20;0
48911; 101110.16;0
48962; 101109.66;0
49013; 101111.08;0
49064; 101109.70;0
49115; 101111.19;0
49166; 101109.00;0
49217; 101108.95;0
49268; 101109.92;0
49319; 101109.08;0
49370; 101110.17;0
49421; 101107.98;0
49472; 101109.47;0
49523; 101111.19;0
49574; 101109.75;0
49625; 101110.67;0
49676; 101109.84;0
49727; 101111.45;0
49778; 101110.48;0
49829; 101110.58;0
49880; 101109.11;0
49931; 101110.23;0
49982; 101109.39;0
50033; 101109.88;0
50084; 101108.78;0
50135; 101110.39;0
50186; 101109.31;0
50237; 101110.02;0
50288; 101108.00;0
50339; 101110.20;0
50390; 101108.41;0
50441; 101110.13;0
50492; 101109.77;0
50543; 101110.83;0
50594; 101109.80;0
50645; 101110.06;0
50696; 101110.86;0
50747; 101111.92;0
50798; 101109.63;0
50849; 101110.23;0
50900; 101109.95;0
50951; 101108.50;0
51002; 101110.98;0
51053; 101110.05;0
51104; 101109.41;0
51155; 101109.47;0
51206; 101110.28;0
51257; 101109.50;0
51308; 101109.55;0
51359; 101109.11;0
51410; 101110.66;0
51461; 101111.28;0
51512; 101109.83;0
51563; 101110.72;0
51614; 101110.05;0
51665; 101111.00;0
51716; 101110.27;0
51767; 101110.92;0
51818; 101109.09;0
51869; 101109.17;0
51920; 101110.11;0
51971; 101109.67;0
52022; 101109.33;0
52073; 101111.88;0
52124; 101111.05;0
52175; 101110.84;0
52226; 101109.19;0
52277; 101109.56;0
52328; 101110.27;0
52379; 101111.25;0
52430; 101108.33;0
52481; 101109.72;0
52532; 101109.95;0
52583; 101109.25;0
52634; 101109.66;0
52685; 101108.47;0
52736; 101109.66;0
52787; 101109.30;0
52838; 101108.86;0
52889; 101108.58;0
52940; 101110.11;0
52991; 101107.63;0
53042; 101109.64;0
53093; 101109.23;0
53144; 101107.44;0
53195; 101107.72;0
53246; 101107.73;0
53297; 101107.25;0
53348; 101107.56;0
53399; 101107.06;0
53450; 101106.75;0
53501; 101105.72;0
53552; 101105.48;0
53603; 101105.67;0
53654; 101105.14;0
53705; 101104.25;0
53756; 101104.05;0
53807; 101103.25;0
53858; 101104.31;0
53909; 101102.72;0
53960; 101104.27;0
54011; 101102.69;0
54062; 101101.73;0
54113; 101100.63;0
54164; 101100.16;0
54215; 101098.77;0
54266; 101100.78;0
54317; 101100.28;0
54368; 101098.11;0
54419; 101097.41;0
54470; 101097.91;0
54521; 101097.17;0
54572; 101097.17;0
54623; 101096.50;0
54674; 101094.34;0
54725; 101094.88;0
54776; 101093.33;0
54827; 101093.91;0
54878; 101093.97;0
54929; 101092.23;0
54980; 101091.19;0
55031; 101090.70;0
55082; 101090.97;0
55133; 101091.44;0
55184; 101089.30;0
55235; 101088.69;0
55286; 101089.05;0
55337; 101088.69;0
55388; 101089.03;0
55439; 101088.70;0
55490; 101085.13;0
55541; 101086.45;0
55592; 101085.88;0
55643; 101085.84;0
55694; 101086.22;0
55745; 101084.03;0
55796; 101084.67;0
55847; 101082.81;0
55898; 101082.73;0
55949; 101082.08;0
56000; 101081.58;0
56051; 101079.81;0
56102; 101080.84;0
56153; 101080.63;0
56204; 101079.86;0
56255; 101078.86;0
56306; 101078.05;0
56357; 101077.69;0
56408; 101078.67;0
56459; 101078.44;0
56510; 101078.31;0
56561; 101076.92;0
56612; 101076.58;0
56663; 101076.19;0
56714; 101075.70;0
56765; 101075.31;0
56816; 101075.47;0
56867; 101074.67;0
56918; 101074.33;0
56969; 101075.28;0
57020; 101074.06;0
57071; 101073.56;0
57122; 101074.55;0
57173; 101073.31;0
57224; 101074.66;0
57275; 101073.13;0
57326; 101073.02;0
57377; 101072.56;0
57428; 101072.22;0
57479; 101070.66;0
57530; 101071.50;0
57581; 101072.42;0
57632; 101071.22;0
57683; 101071.72;0
57734; 101072.38;0
57785; 101070.02;0
57836; 101073.02;0
57887; 101070.81;0
57938; 101069.63;0
57989; 101071.81;0
58040; 101070.25;0
58091; 101070.66;0
58142; 101070.95;0
58193; 101070.09;0
58244; 101070.06;0
58295; 101070.39;0
58346; 101069.59;0
58397; 101069.31;0
58448; 101070.34;0
58499; 101069.22;0
58550; 101069.52;0
58601; 101068.48;0
58652; 101069.13;0
58703; 101069.75;0
58754; 101069.59;0
58805; 101069.69;0
58856; 101069.02;0
58907; 101068.81;0
58958; 101068.80;0
59009; 101068.25;0
59060; 101070.23;0
59111; 101068.23;0
59162; 101068.75;0
59213; 101069.42;0
59264; 101069.19;0
59315; 101067.69;0
59366; 101067.19;0
59417; 101068.58;0
59468; 101070.95;1
59519; 101067.83;1
59570; 101068.38;1
59621; 101069.05;1
59672; 101068.30;1
59723; 101069.13;1
59774; 101068.98;1
59825; 101068.78;1
59876; 101069.34;1
59927; 101069.41;1
59978; 101068.58;1
60029; 101069.23;1
60080; 101069.67;1
60131; 101069.50;1
60182; 101069.72;1
60233; 101068.56;1
60284; 101067.98;1
60335; 101068.59;1
60386; 101068.34;1
60437; 101069.39;1
60488; 101069.23;1
60539; 101069.58;1
60590; 101069.91;1
60641; 101068.06;1
60692; 101068.16;1
60743; 101069.06;1
60794; 101068.52;1
60845; 101068.67;1
60896; 101069.03;1
60947; 101067.89;1
60998; 101069.53;1
61049; 101070.20;1
61100; 101069.13;1
61151; 101069.02;1
61202; 101066.97;1
61253; 101068.53;1
61304; 101068.25;1
61355; 101069.16;1
61406; 101068.98;1
61457; 101069.00;1
61508; 101069.31;1
61559; 101068.67;1
61610; 101070.02;1
61661; 101068.92;1
61712; 101067.91;1
61763; 101067.91;1
61814; 101069.63;1
61865; 101070.08;1
61916; 101070.00;1
61967; 101068.52;1
62018; 101068.33;1
62069; 101066.52;1
62120; 101069.56;1
62171; 101068.91;1
62222; 101068.14;1
62273; 101070.98;1
62324; 101067.64;1
62375; 101068.31;1
62426; 101068.45;1
62477; 101067.80;1
62528; 101068.89;1
62579; 101069.88;1
62630; 101069.67;1
62681; 101069.06;1
62732; 101070.16;1
62783; 101069.14;1
62834; 101069.94;1
62885; 101068.94;1
62936; 101069.83;1
62987; 101069.47;1
63038; 101069.20;1
63089; 101067.88;1
63140; 101068.34;1
63191; 101069.06;1
63242; 101070.36;1
63293; 101068.31;1
63344; 101069.52;1
63395; 101069.72;1
63446; 101068.13;1
63497; 101070.42;1
63548; 101069.34;1
63599; 101069.03;1
63650; 101069.03;1
63701; 101068.41;0
63752; 101068.94;0
63803; 101070.14;0
63854; 101069.55;0
63905; 101068.91;0
63956; 101069.64;0
64007; 101069.23;0
64058; 101069.89;0
64109; 101069.75;0
64160; 101070.48;0
64211; 101070.00;0
64262; 101069.14;0
64313; 101070.03;0
64364; 101069.75;0
64415; 101069.19;0
64466; 101069.36;0
64517; 101071.09;0
64568; 101069.22;0
64619; 101068.14;0
64670; 101069.59;0
64721; 101070.31;0
64772; 101070.34;0
64823; 101069.45;0
64874; 101069.88;0
64925; 101069.84;0
64976; 101069.92;0
65027; 101069.47;0
65078; 101069.88;0
65129; 101069.36;0
65180; 101069.56;0
65231; 101069.52;0
65282; 101070.36;0
65333; 101069.84;0
65384; 101069.73;0
65435; 101069.72;0
65486; 101070.02;0
65537; 101067.91;0
65588; 101070.69;0
65639; 101069.48;0
65690; 101068.94;0
65741; 101069.69;0
65792; 101069.69;0
65843; 101069.05;0
65894; 101068.39;0
65945; 101069.05;0
65996; 101069.19;0
66047; 101069.20;0
66098; 101069.36;0
66149; 101069.44;0
66200; 101069.67;0
66251; 101069.44;0
66302; 101068.47;0
66353; 101068.89;0
66404; 101070.14;0
66455; 101069.33;0
66506; 101070.42;0
66557; 101068.59;0
66608; 101070.16;0
66659; 101070.05;0
66710; 101071.22;0
66761; 101070.25;0
66812; 101070.23;0
66863; 101069.56;0
66914; 101070.66;0
66965; 101069.91;0
67016; 101070.44;0
67067; 101070.09;0
67118; 101069.19;0
67169; 101070.31;0
67220; 101070.11;0
67271; 101070.08;0
67322; 101070.11;0
67373; 101069.44;0
67424; 101070.00;0
67475; 101070.66;0
67526; 101070.27;0
67577; 101069.25;0
67628; 101070.50;0
67679; 101070.81;0
67730; 101069.50;0
67781; 101069.81;0
67832; 101069.58;0
67883; 101069.20;0
67934; 101071.31;0
67985; 101070.50;0
68036; 101069.33;0
68087; 101070.77;0
68138; 101069.17;0
68189; 101069.44;0
68240; 101069.61;0
68291; 101070.67;0
68342; 101068.70;0
68393; 101070.05;0
68444; 101070.06;0
68495; 101069.28;0
68546; 101070.13;0
68597; 101069.06;0
68648; 101069.33;0
68699; 101070.80;0
68750; 101069.55;0
68801; 101070.16;0
68852; 101068.31;0
68903; 101069.47;0
68954; 101069.77;0
69005; 101069.48;0
69056; 101070.11;0
69107; 101069.36;0
69158; 101067.70;0
69209; 101070.83;0
69260; 101069.09;0
69311; 101070.06;0
69362; 101069.16;0
69413; 101068.94;0
69464; 101069.39;0
69515; 101070.23;0
69566; 101070.20;0
69617; 101069.55;0
69668; 101068.06;0
69719; 101069.53;0
69770; 101068.16;0
69821; 101069.02;0
69872; 101068.98;0
69923; 101069.08;0
69974; 101067.33;0
70025; 101067.22;0
70076; 101067.84;0
70127; 101068.63;0
70178; 101067.73;0
70229; 101066.69;0
70280; 101067.70;0
70331; 101067.83;0
70382; 101066.20;0
70433; 101066.78;0
70484; 101064.75;0
70535; 101066.31;0
70586; 101065.39;0
70637; 101064.19;0
70688; 101065.75;0
70739; 101065.47;0
70790; 101065.33;0
70841; 101064.67;0
70892; 101064.30;0
70943; 101063.81;0
70994; 101063.56;0
71045; 101062.78;0
71096; 101063.16;0
71147; 101061.72;0
71198; 101062.25;0
71249; 101060.80;0
71300; 101059.38;0
71351; 101059.17;0
71402; 101059.98;0
71453; 101060.06;0
71504; 101058.39;0
71555; 101057.98;0
71606; 101056.58;0
71657; 101057.67;0
71708; 101056.94;0
71759; 101058.17;0
71810; 101057.11;0
71861; 101054.67;0
71912; 101055.11;0
71963; 101054.56;0
72014; 101053.80;0
72065; 101053.05;0
72116; 101053.78;0
72167; 101052.69;0
72218; 101051.34;0
72269; 101051.98;0
72320; 101049.89;0
72371; 101050.34;0
72422; 101050.41;0
72473; 101050.03;0
72524; 101048.47;0
72575; 101047.52;0
72626; 101047.88;0
72677; 101048.13;0
72728; 101046.61;0
72779; 101046.00;0
72830; 101045.31;0
72881; 101043.86;0
72932; 101043.31;0
72983; 101043.66;0
73034; 101043.14;0
73085; 101041.63;0
73136; 101041.34;0
73187; 101041.80;0
73238; 101040.91;0
73289; 101041.52;0
73340; 101040.27;0
73391; 101041.33;0
73442; 101038.98;0
73493; 101040.02;0
73544; 101038.05;0
73595; 101036.81;0
73646; 101038.63;0
73697; 101036.88;0
73748; 101036.41;0
73799; 101036.69;0
73850; 101036.50;0
73901; 101036.16;0
73952; 101035.58;0
74003; 101033.81;0
74054; 101034.58;0
74105; 101033.86;0
74156; 101034.03;0
74207; 101033.67;0
74258; 101032.98;0
74309; 101033.02;0
74360; 101032.09;0
74411; 101032.14;0
74462; 101032.38;0
74513; 101031.63;0
74564; 101031.72;0
74615; 101030.45;0
74666; 101030.09;0
74717; 101030.89;0
74768; 101030.89;0
74819; 101031.80;0
74870; 101030.72;0
74921; 101031.30;0
74972; 101030.77;0
75023; 101031.02;0
75074; 101029.83;0
75125; 101029.33;0
75176; 101030.34;0
75227; 101030.23;0
75278; 101028.75;0
75329; 101029.84;0
75380; 101029.36;0
75431; 101028.88;0
75482; 101028.56;0
75533; 101030.11;0
75584; 101028.41;0
75635; 101028.38;0
75686; 101028.97;0
75737; 101028.59;0
75788; 101028.92;0
75839; 101029.69;0
75890; 101028.31;0
75941; 101028.13;0
75992; 101029.61;0
76043; 101029.59;0
76094; 101029.28;0
76145; 101028.25;0
76196; 101029.22;0
76247; 101027.92;0
76298; 101027.59;0
76349; 101027.84;0
76400; 101029.30;0
76451; 101029.20;0
76502; 101028.86;0
76553; 101028.89;0
76604; 101029.02;0
76655; 101028.28;0
76706; 101028.44;0
76757; 101028.67;0
76808; 101029.11;0
76859; 101027.86;0
76910; 101029.56;0
76961; 101028.86;0
77012; 101028.81;0
77063; 101029.38;0
77114; 101029.59;0
77165; 101028.91;0
77216; 101029.23;0
77267; 101030.06;0
77318; 101028.59;0
77369; 101028.61;0
77420; 101028.30;0
77471; 101030.31;0
77522; 101027.59;0
77573; 101028.48;0
77624; 101028.53;0
77675; 101028.78;0
77726; 101028.64;0
77777; 101027.58;1
77828; 101028.39;1
77879; 101028.63;1
77930; 101028.67;1
77981; 101030.38;1
78032; 101029.48;1
78083; 101028.77;1
78134; 101029.38;1
78185; 101030.39;1
78236; 101031.27;1
78287; 101030.73;1
78338; 101030.98;1
78389; 101029.27;1
78440; 101031.91;1
78491; 101029.00;1
78542; 101029.86;1
78593; 101028.98;1
78644; 101030.38;1
78695; 101030.34;1
78746; 101031.70;1
78797; 101029.73;1
78848; 101030.48;1
78899; 101030.28;1
78950; 101029.47;1
79001; 101031.61;1
79052; 101029.77;1
79103; 101031.13;1
79154; 101031.56;1
79205; 101030.70;1
79256; 101028.44;1
79307; 101031.28;1
79358; 101030.41;1
79409; 101030.27;1
79460; 101030.89;1
79511; 101029.91;1
79562; 101031.94;1
79613; 101031.72;1
79664; 101030.25;1
79715; 101030.27;1
79766; 101029.47;1
79817; 101030.36;1
79868; 101031.08;1
79919; 101030.39;1
79970; 101030.22;1
80021; 101030.80;1
80072; 101030.48;1
80123; 101031.03;1
80174; 101031.28;1
80225; 101032.63;1
80276; 101031.27;1
80327; 101030.86;1
80378; 101030.61;1
80429; 101031.30;1
80480; 101031.34;1
80531; 101030.23;1
80582; 101031.77;1
80633; 101031.13;1
80684; 101030.64;1
80735; 101031.02;1
80786; 101030.80;1
80837; 101033.36;1
80888; 101032.19;1
80939; 101030.95;1
80990; 101031.88;1
81041; 101030.45;1
81092; 101032.31;1
81143; 101030.86;1
81194; 101031.34;1
81245; 101032.88;1
81296; 101032.84;1
81347; 101030.78;1
81398; 101032.11;1
81449; 101032.17;1
81500; 101032.11;1
81551; 101032.41;1
81602; 101031.42;1
81653; 101032.94;1
81704; 101032.33;1
81755; 101031.55;1
81806; 101030.55;1
81857; 101031.72;1
81908; 101031.94;1
81959; 101032.80;1
82010; 101031.34;1
82061; 101032.19;1
82112; 101031.98;1
82163; 101031.94;1
82214; 101031.63;1
82265; 101031.77;1
82316; 101031.41;1
82367; 101033.08;1
82418; 101033.28;1
82469; 101032.98;1
82520; 101032.34;1
82571; 101034.09;1
82622; 101031.98;1
82673; 101032.63;1
82724; 101034.52;1
82775; 101032.98;1
82826; 101033.33;1
82877; 101033.03;1
82928; 101032.30;1
82979; 101033.66;1
83030; 101032.72;1
83081; 101032.86;1
83132; 101034.38;1
83183; 101033.81;1
83234; 101032.44;1
83285; 101032.98;1
83336; 101032.25;1
83387; 101032.02;1
83438; 101033.64;1
83489; 101031.45;1
83540; 101033.80;1
83591; 101032.56;1
83642; 101034.05;1
83693; 101032.84;1
83744; 101033.63;1
83795; 101034.06;1
83846; 101033.13;1
83897; 101034.48;1
83948; 101033.41;1
83999; 101034.45;1
84050; 101034.11;1
84101; 101033.45;1
84152; 101033.59;1
84203; 101034.11;1
84254; 101034.95;1
84305; 101033.83;1
84356; 101033.39;1
84407; 101034.13;1
84458; 101034.38;1
84509; 101034.34;1
84560; 101034.75;1
84611; 101034.14;1
84662; 101034.69;1
84713; 101034.86;1
84764; 101034.52;1
84815; 101034.25;1
84866; 101032.64;1
84917; 101034.84;1
84968; 101035.92;1
85019; 101033.67;1
85070; 101034.73;1
85121; 101033.02;1
85172; 101034.89;1
85223; 101035.95;1
85274; 101034.41;1
85325; 101034.00;1
85376; 101033.55;1
85427; 101034.02;1
85478; 101035.05;1
85529; 101034.30;1
85580; 101034.34;1
85631; 101032.89;1
85682; 101034.92;1
85733; 101032.63;1
85784; 101034.59;1
85835; 101034.20;1
85886; 101034.11;1
85937; 101035.20;1
85988; 101034.45;1
86039; 101033.86;1
86090; 101032.45;1
86141; 101034.48;1
86192; 101033.73;1
86243; 101034.67;1
86294; 101033.92;1
86345; 101034.31;1
86396; 101034.73;0
86447; 101034.03;0
86498; 101033.38;0
86549; 101033.45;0
86600; 101034.06;0
86651; 101034.03;0
86702; 101032.86;0
86753; 101034.25;0
86804; 101033.23;0
86855; 101033.73;0
86906; 101033.44;0
86957; 101032.22;0
87008; 101032.45;0
87059; 101033.88;0
87110; 101032.64;0
87161; 101032.77;0
87212; 101030.97;0
87263; 101031.06;0
87314; 101032.83;0
87365; 101031.52;0
87416; 101032.59;0
87467; 101031.81;0
87518; 101032.38;0
87569; 101031.48;0
87620; 101032.63;0
87671; 101032.78;0
87722; 101031.64;0
87773; 101032.48;0
87824; 101031.56;0
87875; 101032.77;0
87926; 101032.94;0
87977; 101033.08;0
88028; 101031.91;0
88079; 101031.77;0
88130; 101032.66;0
88181; 101032.16;0
88232; 101031.13;0
88283; 101032.20;0
88334; 101032.70;0
88385; 101032.44;0
88436; 101033.86;0
88487; 101031.47;0
88538; 101032.25;0
88589; 101032.20;0
88640; 101032.52;0
88691; 101033.19;0
88742; 101030.97;0
88793; 101031.11;0
88844; 101031.52;0
88895; 101032.27;0
88946; 101031.73;0
88997; 101031.67;0
89048; 101032.14;0
89099; 101031.94;0
89150; 101032.03;0
89201; 101030.42;0
89252; 101031.38;0
89303; 101030.22;0
89354; 101031.58;0
89405; 101031.94;0
89456; 101031.98;0
89507; 101030.42;0
89558; 101031.52;0
89609; 101033.92;0
89660; 101031.80;0
89711; 101031.14;0
89762; 101031.70;0
89813; 101030.61;0
89864; 101031.88;0
89915; 101031.38;0
89966; 101031.91;0
90017; 101030.80;0
90068; 101031.55;0
90119; 101031.73;0
90170; 101030.53;0
90221; 101031.50;0
90272; 101030.48;0
90323; 101030.30;0
90374; 101029.64;0
90425; 101030.36;0
90476; 101030.67;0
90527; 101029.56;0
90578; 101029.44;0
90629; 101030.06;0
90680; 101030.33;0
90731; 101028.05;0
90782; 101028.47;0
90833; 101030.13;0
90884; 101027.91;0
90935; 101027.59;0
90986; 101027.97;0
91037; 101026.27;0
91088; 101027.48;0
91139; 101026.73;0
91190; 101027.45;0
91241; 101026.56;0
91292; 101025.63;0
91343; 101025.55;0
91394; 101023.89;0
91445; 101023.88;0
91496; 101023.84;0
91547; 101022.23;0
91598; 101023.36;0
91649; 101022.59;0
91700; 101022.09;0
91751; 101022.66;0
91802; 101021.45;0
91853; 101020.17;0
91904; 101020.70;0
91955; 101019.64;0
92006; 101017.97;0
92057; 101017.98;0
92108; 101017.09;0
92159; 101017.56;0
92210; 101017.36;0
92261; 101017.83;0
92312; 101015.05;0
92363; 101016.88;0
92414; 101017.05;0
92465; 101015.30;0
92516; 101015.38;0
92567; 101012.39;0
92618; 101014.34;0
92669; 101012.67;0
92720; 101012.66;0
92771; 101012.17;0
92822; 101011.00;0
92873; 101012.09;0
92924; 101011.28;0
92975; 101011.20;0
93026; 101008.91;0
93077; 101009.55;0
93128; 101007.69;0
93179; 101009.58;0
93230; 101006.70;0
93281; 101007.27;0
93332; 101007.44;0
93383; 101006.08;0
93434; 101005.06;0
93485; 101005.38;0
93536; 101005.22;0
93587; 101004.84;0
93638; 101003.91;0
93689; 101002.92;0
93740; 101004.84;0
93791; 101003.95;0
93842; 101003.22;0
93893; 101002.25;0
93944; 101001.89;0
93995; 101001.11;0
94046; 101000.66;0
94097; 101000.70;0
94148; 101000.58;0
94199; 100999.30;0
94250; 100999.14;0
94301; 101000.41;0
94352; 100998.09;0
94403; 100998.84;0
94454; 100997.86;0
94505; 100998.72;0
94556; 100998.14;0
94607; 100999.27;0
94658; 100997.39;0
94709; 100998.42;0
94760; 100997.78;0
94811; 100998.00;0
94862; 100997.11;0
94913; 100996.97;0
94964; 100995.95;0
95015; 100997.48;0
95066; 100996.77;0
95117; 100996.11;0
95168; 100995.84;0
95219; 100996.19;1
95270; 100995.73;1
95321; 100996.20;1
95372; 100996.61;1
95423; 100996.61;1
95474; 100996.88;1
95525; 100996.84;1
95576; 100995.92;1
95627; 100996.17;1
95678; 100994.97;1
95729; 100996.33;1
95780; 100995.72;1
95831; 100996.28;1
95882; 100996.00;1
95933; 100994.81;1
95984; 100994.75;1
96035; 100995.42;1
96086; 100994.45;1
96137; 100995.81;1
96188; 100994.30;1
96239; 100995.88;1
96290; 100994.11;1
96341; 100993.53;1
96392; 100994.19;1
96443; 100994.67;1
96494; 100995.86;1
96545; 100994.38;1
96596; 100994.53;1
96647; 100995.61;1
96698; 100995.77;1
96749; 100996.17;1
96800; 100992.42;1
96851; 100993.63;1
96902; 100993.50;1
96953; 100993.94;1
97004; 100995.94;1
97055; 100995.16;1
97106; 100994.25;1
97157; 100995.45;1
97208; 100994.98;1
97259; 100995.09;1
97310; 100994.25;1
97361; 100994.88;1
97412; 100994.70;1
97463; 100994.45;1
97514; 100995.66;1
97565; 100993.89;1
97616; 100994.22;1
97667; 100994.95;1
97718; 100993.70;1
97769; 100993.64;1
97820; 100993.55;1
97871; 100993.33;1
97922; 100994.25;1
97973; 100994.61;1
98024; 100994.19;1
98075; 100993.70;1
98126; 100995.02;1
98177; 100994.11;1
98228; 100994.25;1
98279; 100993.66;1
98330; 100994.16;1
98381; 100993.75;1
98432; 100994.67;1
98483; 100993.38;1
98534; 100994.53;1
98585; 100993.13;1
98636; 100994.70;1
98687; 100994.02;1
98738; 100994.23;1
98789; 100993.56;1
98840; 100993.34;1
98891; 100994.27;1
98942; 100992.88;1
98993; 100992.91;1
99044; 100994.33;1
99095; 100993.83;1
99146; 100993.91;1
99197; 100995.25;1
99248; 100994.28;1
99299; 100993.59;1
99350; 100994.06;1
99401; 100993.78;1
99452; 100993.06;1
99503; 100995.05;1
99554; 100993.72;1
99605; 100994.14;1
99656; 100993.48;1
99707; 100994.23;1
99758; 100993.41;1
99809; 100994.56;1
99860; 100993.75;1
99911; 100994.89;1
99962; 100992.58;1
100013; 100993.47;1
100064; 100992.34;1
100115; 100993.63;1
100166; 100993.06;1
100217; 100993.03;1
100268; 100993.20;1
100319; 100994.39;1
100370; 100993.41;1
100421; 100994.00;1
100472; 100993.92;1
100523; 100994.50;1
100574; 100993.44;1
100625; 100994.09;1
100676; 100994.14;1
100727; 100992.70;1
100778; 100993.70;1
100829; 100994.23;1
100880; 100992.95;1
100931; 100994.38;1
100982; 100993.77;1
101033; 100995.70;1
101084; 100993.70;1
101135; 100994.16;1
101186; 100994.09;1
101237; 100992.83;1
101288; 100993.53;1
101339; 100993.88;1
101390; 100993.50;1
101441; 100993.20;1
101492; 100993.86;1
101543; 100993.75;1
101594; 100993.42;1
101645; 100994.33;1
101696; 100992.47;1
101747; 100994.86;1
101798; 100993.47;1
101849; 100993.42;1
101900; 100994.09;1
101951; 100992.34;1
102002; 100993.73;1
102053; 100994.52;1
102104; 100994.52;1
102155; 100994.02;1
102206; 100993.94;1
102257; 100993.55;1
102308; 100993.30;1
102359; 100993.23;1
102410; 100993.77;1
102461; 100993.75;1
102512; 100993.06;1
102563; 100993.97;1
102614; 100995.47;1
102665; 100993.95;1
102716; 100993.41;1
102767; 100993.92;1
102818; 100993.50;1
102869; 100992.13;1
102920; 100992.47;1
102971; 100993.92;1
103022; 100993.84;1
103073; 100994.41;1
103124; 100993.84;1
103175; 100994.17;0
103226; 100993.17;0
103277; 100992.52;0
103328; 100993.16;0
103379; 100993.42;0
103430; 100993.56;0
103481; 100993.38;0
103532; 100993.16;0
103583; 100993.34;0
103634; 100993.81;0
103685; 100993.52;0
103736; 100993.22;0
103787; 100993.30;0
103838; 100994.14;0
103889; 100992.55;0
103940; 100993.16;0
103991; 100993.50;0
104042; 100993.58;0
104093; 100993.84;0
104144; 100994.45;0
104195; 100993.30;0
104246; 100993.36;0
104297; 100994.11;0
104348; 100993.11;0
104399; 100994.48;0
104450; 100992.67;0
104501; 100993.23;0
104552; 100993.81;0
104603; 100994.06;0
104654; 100993.48;0
104705; 100993.45;0
104756; 100992.22;0
104807; 100992.56;0
104858; 100992.91;0
104909; 100992.05;0
104960; 100992.75;0
105011; 100991.80;0
105062; 100993.42;0
105113; 100992.19;0
105164; 100992.56;0
105215; 100993.88;0
105266; 100993.63;0
105317; 100993.52;0
105368; 100991.94;0
105419; 100992.44;0
105470; 100992.23;0
105521; 100993.48;0
105572; 100992.92;0
105623; 100992.52;0
105674; 100993.39;0
105725; 100992.64;0
105776; 100991.63;0
105827; 100992.05;0
105878; 100991.66;0
105929; 100990.17;0
105980; 100991.45;0
106031; 100990.42;0
106082; 100989.33;0
106133; 100991.08;0
106184; 100990.86;0
106235; 100990.48;0
106286; 100989.89;0
106337; 100988.48;0
106388; 100988.02;0
106439; 100990.08;0
106490; 100988.28;0
106541; 100989.28;0
106592; 100988.13;0
106643; 100987.78;0
106694; 100986.81;0
106745; 100985.86;0
106796; 100985.47;0
106847; 100986.88;0
106898; 100986.89;0
106949; 100985.84;0
107000; 100985.31;0
107051; 100984.02;0
107102; 100983.64;0
107153; 100983.02;0
107204; 100983.77;0
107255; 100983.41;0
107306; 100982.86;0
107357; 100981.66;0
107408; 100982.25;0
107459; 100981.92;0
107510; 100978.81;0
107561; 100979.77;0
107612; 100978.84;0
107663; 100979.30;0
107714; 100978.55;0
107765; 100978.84;0
107816; 100976.94;0
107867; 100977.00;0
107918; 100974.89;0
107969; 100976.09;0
108020; 100975.47;0
108071; 100976.16;0
108122; 100974.67;0
108173; 100975.00;0
108224; 100974.36;0
108275; 100972.83;0
108326; 100973.09;0
108377; 100972.97;0
108428; 100973.59;0
108479; 100973.72;0
108530; 100970.97;0
108581; 100970.39;0
108632; 100970.05;0
108683; 100968.63;0
108734; 100969.86;0
108785; 100969.02;0
108836; 100967.94;0
108887; 100966.97;0
108938; 100967.48;0
108989; 100965.75;0
109040; 100966.27;0
109091; 100966.19;0
109142; 100965.28;0
109193; 100964.59;0
109244; 100965.86;0
109295; 100963.80;0
109346; 100964.78;0
109397; 100964.05;0
109448; 100962.67;0
109499; 100963.53;0
109550; 100962.20;0
109601; 100963.20;0
109652; 100963.11;0
109703; 100961.83;0
109754; 100962.27;0
109805; 100961.42;0
109856; 100962.58;0
109907; 100962.97;0
109958; 100961.70;0
110009; 100960.78;0
110060; 100960.91;0
110111; 100960.47;0
110162; 100959.83;0
110213; 100960.09;0
110264; 100961.03;0
110315; 100960.55;0
110366; 100959.02;0
110417; 100961.09;0
110468; 100959.05;0
110519; 100959.55;0
110570; 100958.06;0
110621; 100959.13;0
110672; 100959.50;0
110723; 100958.63;1
110774; 100958.36;1
110825; 100959.28;1
110876; 100959.80;1
110927; 100957.41;1
110978; 100958.66;1
111029; 100958.33;1
111080; 100958.14;1
111131; 100957.67;1
111182; 100957.31;1
111233; 100958.11;1
111284; 100957.77;1
111335; 100958.38;1
111386; 100957.11;1
111437; 100958.70;1
111488; 100958.03;1
111539; 100957.02;1
111590; 100957.38;1
111641; 100958.31;1
111692; 100958.28;1
111743; 100956.77;1
111794; 100957.38;1
111845; 100957.73;1
111896; 100957.34;1
111947; 100958.25;1
111998; 100956.59;1
112049; 100958.69;1
112100; 100957.77;1
112151; 100958.03;1
112202; 100958.56;1
112253; 100958.30;1
112304; 100957.23;1
112355; 100958.73;1
112406; 100957.52;1
112457; 100956.89;1
112508; 100957.02;1
112559; 100957.50;1
112610; 100956.89;1
112661; 100958.50;1
112712; 100957.86;1
112763; 100958.17;1
112814; 100956.39;1
112865; 100957.47;1
112916; 100957.70;1
112967; 100958.48;1
113018; 100957.09;1
113069; 100957.36;1
113120; 100958.55;1
113171; 100957.19;1
113222; 100956.77;1
113273; 100957.48;1
113324; 100957.03;1
113375; 100956.95;1
113426; 100956.64;1
113477; 100956.16;1
113528; 100956.63;1
113579; 100956.23;1
113630; 100956.44;1
113681; 100957.83;1
113732; 100957.28;1
113783; 100956.23;1
113834; 100956.36;1
113885; 100956.05;1
113936; 100955.67;1
113987; 100955.81;1
114038; 100956.53;1
114089; 100955.48;1
114140; 100957.53;1
114191; 100955.80;1
114242; 100956.14;1
114293; 100956.05;1
114344; 100955.94;1
114395; 100956.22;1
114446; 100956.66;1
114497; 100956.89;1
114548; 100956.80;1
114599; 100956.84;1
114650; 100955.66;1
114701; 100957.78;1
114752; 100956.80;1
114803; 100957.63;1
114854; 100957.73;1
114905; 100958.61;1
114956; 100956.47;1
115007; 100957.70;1
115058; 100956.78;1
115109; 100956.80;1
115160; 100959.08;1
115211; 100956.75;1
115262; 100958.98;1
115313; 100959.31;1
115364; 100958.69;1
115415; 100957.63;1
115466; 100958.81;1
115517; 100958.63;1
115568; 100957.44;1
115619; 100958.39;1
115670; 100957.77;1
115721; 100956.91;1
115772; 100957.73;1
115823; 100958.16;1
115874; 100957.31;1
115925; 100958.08;1
115976; 100959.81;1
116027; 100959.03;1
116078; 100957.33;1
116129; 100957.23;1
116180; 100957.53;1
116231; 100958.20;1
116282; 100959.30;1
116333; 100958.42;1
116384; 100958.70;1
116435; 100957.30;1
116486; 100958.39;1
116537; 100956.66;1
116588; 100957.94;1
116639; 100957.98;1
116690; 100958.11;1
116741; 100958.34;1
116792; 100958.17;1
116843; 100957.66;1
116894; 100959.34;1
116945; 100957.61;1
116996; 100958.19;1
117047; 100958.25;1
117098; 100959.42;1
117149; 100955.50;1
117200; 100957.80;1
117251; 100957.70;1
117302; 100957.78;1
117353; 100959.38;1
117404; 100957.05;1
117455; 100957.33;1
117506; 100957.17;1
117557; 100957.86;1
117608; 100958.39;1
117659; 100958.48;1
117710; 100958.77;1
117761; 100956.03;1
117812; 100957.67;1
117863; 100956.97;1
117914; 100958.03;1
117965; 100955.92;1
118016; 100957.44;1
118067; 100955.91;1
118118; 100957.66;1
118169; 100957.84;1
118220; 100957.08;1
118271; 100956.66;1
118322; 100957.63;1
118373; 100957.52;1
118424; 100957.00;1
118475; 100957.05;1
118526; 100957.94;1
118577; 100956.27;1
118628; 100955.78;1
118679; 100956.91;1
118730; 100958.80;1
118781; 100957.42;1
118832; 100957.86;1
118883; 100957.05;1
118934; 100957.38;1
118985; 100957.47;1
119036; 100956.88;1
119087; 100957.09;1
119138; 100956.58;1
119189; 100956.75;1
119240; 100957.08;1
119291; 100956.53;1
119342; 100957.86;1
119393; 100958.05;1
119444; 100957.09;1
119495; 100956.41;1
119546; 100956.83;1
119597; 100957.94;1
119648; 100958.05;1
119699; 100957.27;1
119750; 100956.97;1
119801; 100957.78;1
119852; 100957.28;1
119903; 100958.52;1
119954; 100956.97;1
120005; 100956.83;1
120056; 100955.78;1
120107; 100956.55;1
120158; 100958.56;1
120209; 100957.27;1
120260; 100958.05;1
120311; 100957.41;1
120362; 100957.19;1
120413; 100957.47;1
120464; 100956.44;1
120515; 100957.02;1
120566; 100957.83;1
120617; 100957.56;1
120668; 100956.45;1
120719; 100956.28;1
120770; 100957.06;1
120821; 100957.63;1
120872; 100955.50;1
120923; 100956.17;1
120974; 100955.50;1
121025; 100956.30;1
121076; 100956.28;1
121127; 100956.41;1
121178; 100956.36;1
121229; 100955.61;1
121280; 100956.27;0
121331; 100956.22;0
121382; 100955.73;0
121433; 100955.20;0
121484; 100954.83;0
121535; 100955.67;0
121586; 100955.33;0
121637; 100953.91;0
121688; 100953.88;0
121739; 100954.58;0
121790; 100953.63;0
121841; 100953.55;0
121892; 100953.25;0
121943; 100953.88;0
121994; 100951.88;0
122045; 100952.34;0
122096; 100951.42;0
122147; 100951.36;0
122198; 100951.36;0
122249; 100951.05;0
122300; 100950.70;0
122351; 100949.89;0
122402; 100948.92;0
122453; 100949.50;0
122504; 100949.34;0
122555; 100947.34;0
122606; 100946.81;0
122657; 100947.25;0
122708; 100946.33;0
122759; 100946.55;0
122810; 100945.33;0
122861; 100945.73;0
122912; 100945.00;0
122963; 100944.67;0
123014; 100944.02;0
123065; 100943.47;0
123116; 100942.25;0
123167; 100942.45;0
123218; 100941.22;0
123269; 100942.55;0
123320; 100941.81;0
123371; 100940.88;0
123422; 100940.09;0
123473; 100940.13;0
123524; 100939.92;0
123575; 100938.11;0
123626; 100939.02;0
123677; 100938.27;0
123728; 100937.42;0
123779; 100937.64;0
123830; 100935.84;0
123881; 100935.09;0
123932; 100935.75;0
123983; 100935.22;0
124034; 100935.33;0
124085; 100934.13;0
124136; 100934.64;0
124187; 100933.92;0
124238; 100933.69;0
124289; 100932.27;0
124340; 100931.34;0
124391; 100931.17;0
124442; 100931.91;0
124493; 100930.59;0
124544; 100930.88;0
124595; 100929.38;0
124646; 100929.25;0
124697; 100928.94;0
124748; 100928.36;0
124799; 100927.09;0
124850; 100928.92;0
124901; 100926.78;0
124952; 100927.83;0
125003; 100926.98;0
125054; 100926.14;0
125105; 100926.59;0
125156; 100925.98;0
125207; 100924.52;0
125258; 100925.23;0
125309; 100924.78;0
125360; 100924.94;0
125411; 100924.95;0
125462; 100923.67;0
125513; 100925.39;0
125564; 100923.52;0
125615; 100923.42;0
125666; 100923.08;0
125717; 100923.55;0
125768; 100923.38;0
125819; 100922.31;0
125870; 100922.09;0
125921; 100921.42;0
125972; 100923.44;0
126023; 100922.95;0
126074; 100922.83;0
126125; 100922.42;0
126176; 100922.14;0
126227; 100922.58;0
126278; 100922.36;0
126329; 100922.55;0
126380; 100922.23;1
126431; 100924.94;1
126482; 100921.92;1
126533; 100922.44;1
126584; 100925.27;1
126635; 100923.47;1
126686; 100924.11;1
126737; 100923.06;1
126788; 100922.88;1
126839; 100922.75;1
126890; 100923.41;1
126941; 100922.23;1
126992; 100922.08;1
127043; 100923.52;1
127094; 100924.36;1
127145; 100922.25;1
127196; 100922.97;1
127247; 100922.06;1
127298; 100924.22;1
127349; 100925.11;1
127400; 100924.59;1
127451; 100923.39;1
127502; 100922.77;1
127553; 100923.55;1
127604; 100923.78;1
127655; 100923.67;1
127706; 100923.80;1
127757; 100923.11;1
127808; 100922.33;1
127859; 100923.80;1
127910; 100924.19;1
127961; 100923.61;1
128012; 100924.25;1
128063; 100923.09;1
128114; 100924.11;1
128165; 100923.56;1
128216; 100922.95;1
128267; 100924.14;1
128318; 100923.73;1
128369; 100923.31;1
128420; 100924.03;1
128471; 100924.53;1
128522; 100925.03;1
128573; 100925.19;1
128624; 100923.91;1
128675; 100925.55;1
128726; 100924.50;1
128777; 100925.06;1
128828; 100925.63;1
128879; 100924.75;1
128930; 100925.88;1
128981; 100924.27;1
129032; 100925.00;1
129083; 100925.98;1
129134; 100923.44;1
129185; 100924.72;1
129236; 100924.77;1
129287; 100923.97;1
129338; 100924.33;1
129389; 100924.53;1
129440; 100924.25;1
129491; 100925.47;1
129542; 100924.89;1
129593; 100923.66;1
129644; 100923.33;1
129695; 100924.16;1
129746; 100926.16;1
129797; 100924.50;1
129848; 100925.19;1
129899; 100924.09;1
129950; 100925.20;1
130001; 100925.33;1
130052; 100924.78;1
130103; 100924.47;1
130154; 100926.06;1
130205; 100925.08;1
130256; 100925.13;1
130307; 100924.17;1
130358; 100926.09;1
130409; 100924.52;1
130460; 100924.77;1
130511; 100924.95;1
130562; 100925.31;0
130613; 100924.72;0
130664; 100923.20;0
130715; 100925.31;0
130766; 100925.25;0
130817; 100925.50;0
130868; 100924.63;0
130919; 100925.56;0
130970; 100924.91;0
131021; 100923.89;0
131072; 100924.73;0
131123; 100925.92;0
131174; 100925.64;0
131225; 100924.53;0
131276; 100924.41;0
131327; 100925.05;0
131378; 100924.31;0
131429; 100926.70;0
131480; 100925.25;0
131531; 100925.58;0
131582; 100924.63;0
131633; 100925.55;0
--- FINISHED ---;;
