Time_ms;Pressure_Pa;Pressure_dPaPerSec;AccelX_mg;AccelY_mg;AccelZ_mg;GyroX_dps;GyroY_dps;GyroZ_dps;IMU_Moving
4551;102153.92;0.000;-70.31;-96.19;1074.22;4.15;2.34;1.51;1
4653;102154.72;7.812;-48.83;-100.10;968.26;-0.36;-0.66;-0.62;0
4755;102154.06;-6.434;-45.41;-70.80;989.26;-1.11;0.97;-1.73;0
4857;102153.73;-3.217;-62.50;-68.36;1015.62;-1.29;-0.76;-2.36;0
4959;102155.84;20.680;-53.22;-71.29;991.21;0.42;-0.73;-0.94;0
5061;102153.38;-24.203;-63.48;-74.71;1004.39;0.02;-0.42;-0.40;0
5163;102154.67;12.714;-58.59;-86.91;984.37;-0.44;0.06;1.01;0
5265;102154.56;-1.072;-60.55;-77.15;1004.39;2.47;1.02;-2.43;0
5367;102154.64;0.766;-53.22;-65.43;1023.44;-0.16;-0.96;-0.33;0
5469;102154.64;0.000;-50.29;-46.88;980.47;1.28;-1.73;-1.50;0
5571;102154.05;-5.821;-48.83;-67.87;979.49;1.18;-1.65;-1.23;0
5673;102154.48;4.289;-55.18;-81.54;995.61;2.15;2.06;1.07;0
5775;102152.69;-17.616;-53.71;-72.75;989.26;-0.06;0.57;0.31;0
5877;102153.08;3.830;-42.97;-65.92;992.68;0.44;-3.82;2.21;0
5979;102153.16;0.766;-55.66;-70.80;980.47;0.97;2.15;-0.44;0
6081;102154.13;9.498;-45.41;-75.20;1010.74;0.10;-0.79;-0.58;0
6183;102155.22;10.723;-60.06;-63.48;990.23;1.55;0.08;-3.38;0
6285;102151.70;-34.467;-60.55;-79.10;1000.49;2.45;0.47;-1.15;0
6387;102152.59;8.732;-51.27;-60.55;981.93;0.48;0.40;-2.62;0
6489;102154.89;22.518;-58.11;-74.22;1007.81;1.44;1.52;-0.98;0
6591;102153.36;-15.012;-48.83;-64.45;1004.88;0.37;0.85;2.31;0
6693;102154.19;8.119;-57.13;-99.61;982.42;-1.08;-2.53;-3.96;0
6795;102153.64;-5.362;-39.55;-73.73;987.79;-0.27;-1.18;-2.02;0
6897;102152.50;-11.183;-43.95;-83.50;999.02;2.21;3.47;0.77;0
6999;102153.03;5.208;-57.13;-79.10;1018.55;-0.02;-1.55;-2.21;0
7101;102154.44;13.787;-65.43;-76.17;998.05;1.47;1.14;0.44;0
7203;102153.91;-5.208;-51.27;-62.01;1005.37;1.65;1.14;-0.01;0
7305;102153.83;-0.766;-65.92;-71.29;1018.55;1.50;-1.21;-1.15;0
7407;102154.13;2.911;-54.69;-79.59;996.58;-0.76;-1.12;-0.08;0
7509;102153.23;-8.732;-51.76;-72.27;995.12;-0.19;1.11;-1.92;0
7611;102154.25;9.957;-71.78;-79.59;1006.84;0.22;-0.21;-1.76;0
7713;102154.19;-0.613;-50.78;-77.64;1008.79;1.09;-2.23;-1.03;0
7815;102153.47;-7.047;-68.85;-74.71;1011.23;-1.19;2.29;-2.21;0
7917;102155.31;18.076;-55.66;-75.20;1005.37;2.78;3.09;-1.98;0
8019;102154.06;-12.255;-62.01;-71.29;991.21;-0.05;-1.95;1.65;0
8121;102153.64;-4.136;-65.43;-80.08;1004.88;-0.06;-1.35;0.56;0
8223;102153.58;-0.613;-62.01;-80.08;1024.90;0.92;-1.60;-0.71;0
8325;102154.22;6.281;-47.85;-72.75;997.56;1.50;-0.91;-0.74;0
8427;102153.63;-5.821;-65.92;-83.01;999.02;1.13;0.19;-1.02;0
8529;102155.58;19.148;-65.92;-83.50;1014.65;0.93;1.37;-2.75;0
8631;102153.44;-20.987;-47.36;-70.31;1005.37;1.73;1.47;-0.49;0
8733;102154.59;11.336;-49.80;-64.45;992.68;2.76;0.83;2.03;0
8835;102153.20;-13.634;-54.20;-64.45;976.07;2.64;0.07;1.05;0
8937;102153.03;-1.685;-63.96;-71.78;1007.81;0.40;1.23;-2.34;0
9039;102153.77;7.200;-50.29;-83.98;1016.60;1.04;2.76;-3.17;0
9141;102153.47;-2.911;-59.08;-78.12;993.16;-0.30;-2.78;-0.38;0
9243;102152.69;-7.659;-50.78;-81.54;995.12;1.03;0.98;-1.06;0
9345;102153.75;10.417;-81.05;-74.22;980.96;0.08;-2.35;-0.31;0
9447;102153.39;-3.523;-51.76;-68.85;983.40;1.63;-2.34;-1.45;0
9549;102152.58;-7.966;-41.50;-72.75;949.22;1.82;-2.23;-2.89;1
9651;102153.06;4.749;-48.83;-71.29;965.33;0.20;-1.08;1.79;1
9753;102153.95;8.732;-55.66;-75.68;959.47;-0.33;1.66;-1.64;1
9855;102152.70;-12.255;-45.41;-77.15;958.98;1.46;-0.43;-2.56;1
9957;102152.94;2.298;-57.62;-70.80;963.87;-0.19;1.12;-0.59;1
10059;102152.61;-3.217;-58.11;-60.06;954.59;-0.63;-1.79;-3.92;1
10161;102151.97;-6.281;-51.76;-58.59;946.78;0.04;2.42;0.76;1
10263;102153.20;12.102;-40.53;-69.82;935.06;1.84;0.07;-1.32;1
10365;102153.84;6.281;-56.64;-65.43;936.52;0.37;0.27;-0.85;1
10467;102153.80;-0.460;-53.22;-66.41;963.87;0.58;0.89;0.53;1
10569;102154.61;7.966;-46.39;-59.08;936.52;0.08;1.81;-0.18;1
10671;102155.56;9.344;-60.06;-62.50;963.87;0.95;1.78;0.03;1
10773;102155.39;-1.685;-57.13;-81.54;939.94;0.18;-2.78;-0.85;1
10875;102155.64;2.451;-62.50;-60.06;938.48;2.15;3.14;-0.74;1
10977;102154.61;-10.110;-58.11;-56.64;944.34;1.37;-1.92;-0.80;1
11079;102156.20;15.625;-65.92;-79.59;962.89;0.82;3.04;-1.28;1
11181;102155.50;-6.893;-41.02;-57.62;942.87;1.73;3.68;0.88;1
11283;102157.47;19.301;-65.43;-63.96;992.19;0.90;1.40;1.18;0
11385;102158.20;7.200;-55.18;-80.08;962.89;2.24;1.21;1.47;1
11487;102160.33;20.833;-51.76;-85.94;965.82;-0.18;1.93;1.10;0
11589;102161.56;12.102;-39.06;-54.20;952.64;-2.02;-0.53;-1.46;1
11691;102162.06;4.902;-60.55;-73.24;935.55;1.02;0.55;-2.24;1
11793;102163.14;10.570;-86.91;-78.12;997.56;0.58;0.60;-1.93;0
11895;102164.86;16.850;-64.94;-78.12;985.84;0.17;3.64;-0.05;0
11997;102165.89;10.110;-58.59;-75.20;994.14;0.24;-0.79;-0.40;0
12099;102167.88;19.455;-52.73;-73.24;993.16;1.53;-0.43;-1.57;0
12201;102166.89;-9.651;-43.95;-70.80;1002.44;1.69;-2.44;-0.61;0
12303;102168.95;20.221;-59.08;-85.45;1010.74;1.55;-0.73;1.08;0
12405;102169.81;8.425;-62.99;-70.80;1019.04;1.85;-2.73;-0.77;0
12507;102172.17;23.131;-64.94;-78.61;996.58;0.63;-0.56;-0.29;0
12609;102173.48;12.868;-55.66;-70.31;974.12;0.46;0.75;-1.62;0
12711;102174.16;6.587;-40.53;-76.66;1004.39;1.18;-1.42;-2.20;0
12813;102175.38;11.949;-32.23;-40.04;985.84;-0.80;1.89;-2.37;0
12915;102176.70;13.021;-51.76;-57.13;1018.07;2.93;3.12;-0.64;0
13017;102177.94;12.102;-46.39;-73.24;1042.48;1.47;-0.84;-0.87;1
13119;102178.36;4.136;-70.80;-72.27;983.89;1.22;0.69;-2.66;0
13221;102181.16;27.420;-78.61;-74.22;972.17;0.77;1.08;-1.13;0
13323;102180.84;-3.064;-37.60;-76.66;977.54;-0.80;0.56;0.05;0
13425;102181.36;5.055;-49.32;-57.13;967.29;1.44;0.84;-0.74;0
13527;102183.80;23.897;-48.83;-74.71;1004.88;1.24;-2.43;0.53;0
13629;102184.94;11.183;-70.80;-83.01;1038.57;1.50;-0.93;-1.35;1
13731;102186.91;19.301;-58.11;-63.96;1002.93;-0.27;-0.12;-0.85;0
13833;102188.73;17.923;-62.50;-78.12;980.47;1.35;1.31;-0.12;0
13935;102188.72;-0.153;-46.39;-70.31;974.12;0.70;1.40;-0.68;0
14037;102187.77;-9.344;-36.62;-73.73;1010.74;0.17;0.99;-0.73;0
14139;102190.30;24.816;-62.01;-66.89;1028.81;1.98;-3.36;0.75;1
14241;102190.39;0.919;-63.48;-71.78;1036.62;1.29;-0.63;-2.56;1
14343;102193.14;26.961;-74.71;-82.03;1000.49;2.53;3.22;0.05;0
14445;102194.66;14.859;-71.29;-63.96;975.59;0.70;-0.57;-0.78;0
14547;102196.66;19.608;-42.48;-77.64;987.30;0.44;0.69;-0.74;0
14649;102197.16;4.902;-53.22;-72.27;1021.48;0.52;1.27;-0.77;0
14751;102198.31;11.336;-43.95;-85.94;1016.60;0.87;1.60;0.05;0
14853;102200.45;20.987;-65.43;-94.24;1025.39;0.36;3.54;0.85;1
14955;102202.36;18.689;-61.52;-66.41;1021.48;1.93;-1.48;-1.81;0
15057;102203.06;6.893;-65.92;-59.57;1003.42;0.33;2.10;0.67;0
15159;102205.00;18.995;-62.99;-83.98;993.16;-0.15;-0.74;-0.23;0
15261;102205.89;8.732;-55.18;-82.52;997.56;0.79;-2.19;0.00;0
15363;102207.42;15.012;-54.69;-68.36;982.42;1.34;-0.57;-1.52;0
15465;102209.19;17.310;-55.66;-65.43;994.63;2.81;4.20;-1.48;1
15567;102211.38;21.446;-37.11;-78.12;1006.35;1.56;0.26;-0.22;0
15669;102212.20;8.119;-61.04;-71.78;1009.77;0.05;1.57;-1.17;0
15771;102213.03;8.119;-63.96;-67.38;1009.77;2.47;-0.38;-0.88;0
15873;102214.55;14.859;-83.01;-88.38;1017.09;2.42;0.04;1.04;0
15975;102215.69;11.183;-72.75;-74.71;1047.85;-0.35;-0.70;-0.98;1
16077;102217.84;21.140;-62.99;-84.47;1051.76;1.10;-2.52;-1.11;1
16179;102217.03;-7.966;-42.97;-57.62;1026.37;-0.84;0.49;-2.81;0
16281;102218.06;10.110;-69.34;-78.61;1036.13;2.40;2.24;-1.95;1
16383;102221.13;30.025;-53.71;-80.08;984.86;0.10;0.34;-0.46;0
16485;102223.41;22.365;-60.06;-78.12;1040.04;1.40;0.99;0.26;1
16587;102224.25;8.272;-49.32;-93.26;1072.27;2.02;-0.01;0.22;1
16689;102223.70;-5.362;-63.96;-69.82;1047.85;2.25;1.88;-0.66;1
16791;102226.45;26.961;-33.69;-66.89;1049.80;0.46;2.18;-0.73;1
16893;102225.67;-7.659;-58.11;-67.38;1040.04;-1.90;1.61;-2.79;1
16995;102227.72;20.067;-50.29;-70.31;1020.02;1.09;2.05;-0.41;0
17097;102227.58;-1.379;-56.64;-80.08;1056.64;-0.61;1.13;0.18;1
17199;102229.72;20.987;-66.89;-74.71;1066.41;4.01;2.56;-0.31;1
17301;102230.69;9.498;-54.69;-69.82;1063.96;0.82;1.92;-0.81;1
17403;102230.03;-6.434;-44.92;-77.15;1035.16;0.49;-1.40;-2.38;1
17505;102230.83;7.812;-56.64;-70.31;1060.06;1.02;0.04;-2.44;1
17607;102231.16;3.217;-50.29;-84.96;1050.29;0.90;0.18;-0.05;1
17709;102231.77;5.974;-46.88;-58.59;1053.71;0.87;0.72;-2.68;1
17811;102231.73;-0.306;-52.73;-74.22;1031.25;0.21;1.56;0.79;1
17913;102231.63;-1.072;-52.73;-83.01;1062.01;1.69;-0.21;0.16;1
18015;102229.89;-17.004;-54.20;-78.61;1046.88;1.85;1.30;-1.44;1
18117;102232.13;21.906;-53.22;-80.57;1034.67;2.74;-0.92;-1.95;1
18219;102231.59;-5.208;-55.18;-84.96;1009.77;2.46;1.56;-0.27;0
18321;102231.89;2.911;-42.48;-67.87;1001.46;1.15;0.31;-2.16;0
18423;102232.09;1.991;-66.41;-71.78;1035.16;0.60;0.60;0.98;1
18525;102232.80;6.893;-55.18;-75.20;1006.35;0.48;0.58;-0.14;0
18627;102232.34;-4.442;-43.95;-76.66;1002.93;0.31;2.33;-1.27;0
18729;102231.95;-3.830;-64.94;-81.05;1008.30;1.19;-0.23;-2.08;0
18831;102232.25;2.911;-65.92;-75.68;1014.16;-0.07;0.02;-2.95;0
18933;102232.08;-1.685;-61.04;-86.43;1011.72;2.02;2.56;-1.39;0
19035;102231.50;-5.668;-47.36;-68.36;1000.98;1.05;1.80;-1.98;0
19137;102230.11;-13.634;-35.64;-71.78;940.43;-0.31;-0.50;0.46;1
19239;102232.34;21.906;-41.50;-81.05;1009.77;2.50;-2.08;-2.63;0
19341;102231.91;-4.289;-46.88;-66.41;999.51;-0.45;0.93;-2.02;0
19443;102232.09;1.838;-56.64;-69.34;978.03;1.14;-0.20;-2.38;0
19545;102231.31;-7.659;-49.32;-67.38;1001.46;2.05;0.77;-1.10;0
19647;102232.30;9.651;-41.02;-75.68;1013.18;-0.79;-1.37;-0.23;0
19749;102233.84;15.165;-45.90;-57.62;997.07;-0.79;0.76;-0.82;0
19851;102232.19;-16.238;-60.55;-69.82;997.07;1.97;2.40;-0.60;0
19953;102231.41;-7.659;-55.18;-72.75;993.65;0.73;2.26;-0.66;0
20055;102231.53;1.225;-61.04;-80.57;999.51;-0.09;-1.50;0.08;0
20157;102232.16;6.127;-54.69;-78.12;1017.58;0.71;0.27;-2.71;0
20259;102232.75;5.821;-62.99;-69.34;990.23;0.86;1.79;-0.47;0
20361;102232.80;0.460;-60.55;-71.78;1003.91;2.41;1.08;-1.89;0
20463;102232.63;-1.685;-56.15;-73.24;997.07;2.92;1.57;-0.90;0
20565;102231.67;-9.344;-60.55;-81.05;981.93;0.57;1.47;-1.32;0
20667;102232.94;12.408;-51.27;-87.40;998.54;-0.40;0.48;-0.22;0
20769;102232.78;-1.532;-41.50;-74.22;997.56;1.02;0.76;-0.27;0
20871;102232.28;-4.902;-52.73;-70.80;1005.86;3.24;2.07;-0.55;0
20973;102232.17;-1.072;-50.29;-77.64;1025.88;1.49;-1.66;-1.18;1
21075;102230.52;-16.238;-54.69;-52.25;986.33;0.28;1.80;-1.44;0
21177;102231.92;13.787;-52.73;-57.13;996.58;2.05;-0.68;-0.50;0
21279;102230.83;-10.723;-56.64;-72.75;994.14;0.12;1.65;-0.02;0
21381;102232.44;15.778;-58.11;-78.12;993.16;-2.32;-3.15;-0.43;0
21483;102230.98;-14.246;-51.27;-79.59;1016.60;-0.79;1.89;-2.92;0
21585;102232.28;12.714;-64.94;-76.66;1008.79;0.18;0.29;-1.04;0
21687;102231.25;-10.110;-57.13;-76.66;1028.32;-0.38;-0.35;-1.89;1
21789;102232.22;9.498;-55.18;-71.29;995.12;2.50;1.18;-0.40;0
21891;102231.63;-5.821;-69.82;-66.41;995.12;-0.69;2.71;-2.30;0
21993;102232.19;5.515;-44.92;-72.27;989.26;0.89;2.24;0.50;0
22095;102232.34;1.532;-48.34;-63.96;988.28;-0.84;-0.02;-1.53;0
22197;102233.08;7.200;-55.18;-91.31;1009.28;0.56;-1.33;-0.50;0
22299;102232.58;-4.902;-58.11;-72.75;1025.88;2.60;1.90;-2.69;1
22401;102232.19;-3.830;-47.85;-72.75;994.14;1.29;-1.50;-0.02;0
22503;102232.38;1.838;-65.92;-66.41;1020.51;0.17;0.16;-1.72;0
22605;102231.91;-4.596;-54.20;-76.66;989.26;0.54;-0.57;0.50;0
22707;102232.03;1.225;-59.57;-83.50;999.51;2.40;-1.98;0.17;0
22809;102231.83;-1.991;-52.25;-76.66;986.82;0.79;-0.54;-0.30;0
22911;102232.00;1.685;-52.25;-75.68;988.77;0.84;0.78;0.01;0
23013;102232.61;5.974;-59.57;-74.22;1001.46;0.35;1.18;-2.66;0
23115;102233.38;7.506;-64.94;-80.57;1027.34;0.34;1.61;-1.45;1
23217;102232.28;-10.723;-52.73;-79.59;1031.74;0.47;1.14;-0.36;1
23319;102232.59;3.064;-54.20;-69.34;1002.44;0.17;-0.15;0.17;0
23421;102231.30;-12.714;-57.13;-72.75;1006.84;0.69;-1.60;-0.98;0
23523;102232.45;11.336;-46.88;-75.68;985.35;2.82;0.56;-1.68;0
23625;102232.52;0.613;-50.29;-80.08;988.28;-2.31;3.98;-0.40;0
23727;102232.80;2.757;-60.06;-62.01;998.54;1.13;0.10;-0.36;0
23829;102232.20;-5.821;-49.80;-85.94;1001.95;0.40;-2.29;-1.47;0
23931;102232.27;0.613;-48.83;-77.15;1003.91;0.12;0.09;-0.99;0
24033;102233.13;8.425;-59.08;-82.03;1017.09;0.73;3.02;0.60;0
24135;102232.25;-8.578;-46.39;-70.31;1002.44;1.50;0.29;-0.11;0
24237;102231.17;-10.570;-65.43;-69.82;994.14;1.35;-1.51;-3.01;0
24339;102231.81;6.281;-66.41;-67.38;993.65;1.54;0.86;-0.16;0
24441;102233.36;15.165;-62.01;-75.20;1003.42;-0.57;-1.08;-1.67;0
24543;102232.92;-4.289;-51.27;-61.52;980.47;0.82;-1.61;-0.50;0
24645;102232.33;-5.821;-63.96;-72.75;1007.32;-1.05;0.39;-1.58;0
24747;102232.64;3.064;-58.59;-77.15;1017.09;3.05;3.69;1.17;0
24849;102232.09;-5.362;-58.59;-68.85;1000.49;0.06;-1.02;-3.27;0
24951;102231.66;-4.289;-41.50;-70.31;990.23;0.92;0.81;-1.31;0
25053;102232.33;6.587;-49.32;-81.05;1002.93;0.63;4.05;-1.90;0
25155;102231.92;-3.983;-39.55;-62.50;995.61;1.04;-0.27;-1.66;0
25257;102232.23;3.064;-57.62;-75.20;1011.72;2.40;-0.32;0.17;0
25359;102231.31;-9.038;-67.38;-79.59;1016.60;-0.94;0.98;-1.91;0
25461;102232.80;14.553;-56.64;-66.89;1002.44;0.46;2.25;-1.60;0
25563;102232.22;-5.668;-53.71;-84.96;1010.74;0.61;2.79;0.77;0
25665;102232.55;3.217;-58.59;-74.22;1000.98;1.88;-0.60;-0.50;0
25767;102233.09;5.362;-53.71;-61.04;992.68;2.00;0.40;-0.08;0
25869;102233.17;0.766;-53.22;-62.50;988.28;0.53;2.02;-0.23;0
25971;102233.42;2.451;-51.76;-62.01;1009.28;1.94;-2.03;-0.40;0
26073;102232.67;-7.353;-43.46;-67.38;989.75;-0.41;2.34;-2.27;0
26175;102233.14;4.596;-55.18;-81.05;1010.74;1.51;1.56;0.15;0
26277;102231.84;-12.714;-60.55;-73.24;1009.77;-0.92;-0.56;-0.62;0
26379;102232.72;8.578;-56.64;-65.43;1006.84;-0.44;-2.63;-1.76;0
26481;102231.88;-8.272;-58.59;-83.01;1009.77;-0.60;1.90;-1.10;0
26583;102232.03;1.532;-52.25;-75.20;988.28;0.61;-0.41;-1.23;0
26685;102230.94;-10.723;-64.94;-79.59;995.12;3.18;1.18;-4.82;1
26787;102231.05;1.072;-54.69;-65.43;988.77;0.14;-1.41;-0.13;0
26889;102231.86;7.966;-52.73;-70.80;994.63;1.33;2.41;-2.29;0
26991;102231.17;-6.740;-51.76;-65.92;1009.28;0.69;-0.11;-1.48;0
27093;102232.53;13.327;-61.52;-84.47;1002.44;0.89;1.20;0.27;0
27195;102231.03;-14.706;-48.83;-77.64;1000.49;0.08;0.69;1.32;0
27297;102232.28;12.255;-54.69;-77.64;1012.21;2.17;0.31;-0.80;0
27399;102231.63;-6.434;-45.90;-72.75;991.21;0.08;-0.33;-1.27;0
27501;102232.16;5.208;-49.80;-73.73;998.05;0.99;-2.15;1.53;0
27603;102233.25;10.723;-50.78;-80.57;983.40;0.90;3.00;0.44;0
27705;102232.20;-10.263;-51.27;-74.22;1000.00;-0.23;2.85;-1.84;0
27807;102233.00;7.812;-42.97;-72.27;984.37;2.11;-0.52;-1.01;0
27909;102231.77;-12.102;-56.15;-83.98;1029.30;0.61;3.27;0.92;1
28011;102231.28;-4.749;-51.76;-74.71;1007.32;-0.44;0.03;-1.64;0
28113;102232.06;7.659;-55.66;-73.73;1004.39;0.06;-1.38;-1.89;0
28215;102232.50;4.289;-43.95;-71.78;1010.74;0.74;-0.11;-2.03;0
28317;102232.33;-1.685;-43.95;-75.68;997.56;1.15;-1.90;-1.18;0
28419;102232.52;1.838;-41.99;-84.96;986.82;1.57;1.41;-1.12;0
28521;102231.69;-8.119;-53.22;-62.99;995.61;1.54;2.88;-1.18;0
28623;102233.11;13.940;-59.08;-58.11;991.70;1.23;1.65;0.73;0
28725;102233.38;2.604;-51.27;-81.05;985.84;-0.29;4.90;-1.58;1
28827;102231.77;-15.778;-51.27;-76.66;1004.88;-1.25;-1.08;-0.51;0
28929;102232.25;4.749;-54.69;-79.10;1003.91;2.13;-0.62;-0.31;0
29031;102232.94;6.740;-64.94;-89.84;1013.67;-0.27;1.34;-0.29;0
29133;102232.47;-4.596;-48.34;-77.64;991.70;-0.10;-0.26;-1.76;0
29235;102233.08;5.974;-63.96;-82.52;1014.65;0.41;0.33;0.39;0
29337;102232.03;-10.263;-41.50;-62.50;980.47;0.44;3.57;1.68;0
29439;102232.08;0.460;-56.64;-52.73;983.89;1.57;1.02;-0.87;0
29541;102231.42;-6.434;-59.57;-75.68;1000.98;-0.24;-0.66;-0.11;0
29643;102232.73;12.868;-51.76;-78.12;988.28;0.39;0.24;0.11;0
29745;102231.66;-10.570;-51.76;-80.57;983.40;0.72;0.71;-1.40;0
29847;102231.86;1.991;-61.52;-82.03;1008.79;1.37;-0.01;-1.87;0
29949;102231.66;-1.991;-46.88;-75.68;1001.46;-0.71;0.63;-0.63;0
30051;102231.89;2.298;-62.50;-75.68;1002.44;1.47;0.60;-0.50;0
30153;102230.92;-9.498;-60.06;-76.66;1011.72;-0.79;1.47;-0.49;0
30255;102231.94;9.957;-53.22;-67.87;998.54;1.32;-0.82;-1.02;0
30357;102232.11;1.685;-52.73;-83.50;1008.79;-0.24;-0.37;-0.27;0
30459;102232.45;3.370;-54.69;-64.94;989.26;1.45;3.07;-1.85;0
30561;102231.83;-6.127;-60.55;-74.22;991.21;2.08;0.51;-0.07;0
30663;102232.59;7.506;-56.64;-74.22;999.51;0.24;0.01;-0.79;0
30765;102232.47;-1.225;-52.25;-73.24;987.30;-0.64;2.20;-1.82;0
30867;102231.73;-7.200;-47.36;-71.29;988.28;1.07;2.85;-1.24;0
30969;102231.50;-2.298;-53.71;-70.80;986.82;1.50;1.65;-0.78;0
31071;102231.34;-1.532;-52.25;-77.15;1003.91;1.86;1.93;-3.23;0
31173;102232.50;11.336;-45.41;-68.85;1002.93;0.23;-0.83;-0.38;0
31275;102232.56;0.613;-51.76;-64.94;1015.62;-0.55;0.31;-1.35;0
31377;102230.67;-18.536;-57.62;-81.05;1013.18;-0.16;-0.54;-2.63;0
31479;102230.41;-2.604;-60.55;-81.54;1002.93;2.24;-0.86;-0.71;0
31581;102231.75;13.174;-62.99;-68.36;990.72;1.47;0.37;-1.45;0
31683;102231.09;-6.434;-67.38;-67.87;1004.88;1.02;0.44;-1.16;0
31785;102231.97;8.578;-43.95;-81.54;987.30;1.24;1.92;-2.22;0
31887;102231.97;0.000;-61.52;-65.92;995.61;-0.69;0.09;-0.75;0
31989;102231.69;-2.757;-62.50;-77.64;992.68;0.63;0.79;-0.57;0
32091;102230.53;-11.336;-55.18;-60.55;1011.72;1.82;-0.04;-0.63;0
32193;102229.38;-11.336;-46.88;-64.45;1012.21;0.47;1.89;-0.18;0
32295;102231.36;19.455;-45.90;-77.64;1000.49;-0.51;0.61;-2.96;0
32397;102231.20;-1.532;-43.95;-73.24;993.65;0.68;-0.45;-1.63;0
32499;102231.16;-0.460;-62.99;-78.12;1007.32;0.40;-1.34;-1.50;0
32601;102230.63;-5.208;-55.18;-72.75;995.61;0.73;-2.32;-1.00;0
32703;102229.97;-6.434;-56.64;-78.61;988.28;1.19;1.23;-1.15;0
32805;102230.11;1.379;-59.08;-58.59;979.98;0.30;-0.58;-2.47;0
32907;102231.19;10.570;-59.08;-74.71;984.37;0.45;-0.81;0.61;0
33009;102230.95;-2.298;-53.22;-78.61;1017.58;2.53;0.18;-0.44;0
33111;102231.72;7.506;-54.20;-70.80;991.21;-0.31;2.48;0.08;0
33213;102230.55;-11.489;-49.80;-85.45;1003.91;0.48;-0.20;-0.57;0
33315;102230.44;-1.072;-64.45;-75.20;1005.86;-0.08;3.82;-0.24;0
33417;102231.73;12.714;-65.43;-64.45;988.77;1.15;0.69;-1.70;0
33519;102230.84;-8.732;-78.12;-73.24;1001.46;1.66;0.88;-0.88;0
33621;102231.73;8.732;-51.76;-54.20;995.12;0.76;-0.08;-1.56;0
33723;102230.61;-11.029;-53.71;-62.01;1004.39;2.47;0.84;-1.47;0
33825;102232.20;15.625;-46.39;-73.24;988.77;-0.40;-0.01;0.62;0
33927;102230.09;-20.680;-50.29;-90.33;982.91;-0.10;-0.34;-2.61;0
34029;102231.95;18.229;-50.78;-72.75;994.63;1.85;1.75;-0.63;0
34131;102231.67;-2.757;-59.57;-67.87;987.79;1.18;1.21;0.69;0
34233;102229.98;-16.544;-53.22;-66.89;998.05;0.02;1.52;-1.10;0
34335;102230.94;9.344;-48.83;-82.03;998.54;-0.31;0.09;-1.11;0
34437;102231.23;2.911;-58.11;-74.22;1023.44;-0.16;0.24;-2.18;0
34539;102230.78;-4.442;-57.62;-76.66;1001.95;1.34;0.73;0.24;0
34641;102230.55;-2.298;-56.64;-89.36;1022.95;2.50;-0.59;-0.12;0
34743;102230.58;0.306;-61.04;-66.41;996.58;-0.50;1.06;-0.85;0
34845;102230.73;1.532;-51.76;-66.41;998.54;1.94;1.85;-1.51;0
34947;102230.41;-3.217;-50.78;-54.20;991.21;0.15;1.18;0.18;0
35049;102230.31;-0.919;-39.06;-67.87;975.10;-1.34;-3.04;-1.87;0
35151;102231.66;13.174;-54.20;-79.59;1002.93;-1.40;0.66;-0.92;0
35253;102230.81;-8.272;-39.55;-77.15;987.79;-0.46;0.28;-1.34;0
35355;102231.78;9.498;-58.11;-71.78;997.07;1.78;-1.79;-1.53;0
35457;102231.00;-7.659;-46.39;-79.10;1000.00;-0.95;-0.12;0.66;0
35559;102230.64;-3.523;-59.08;-79.10;996.58;1.24;1.00;0.54;0
35661;102230.83;1.838;-62.50;-63.96;1020.51;-0.55;1.31;0.47;0
35763;102231.33;4.902;-50.78;-75.68;996.09;1.29;0.34;-1.95;0
35865;102230.81;-5.055;-62.99;-81.05;1022.46;1.79;-0.84;-2.11;0
35967;102231.25;4.289;-58.59;-62.01;1002.44;0.89;0.05;-0.76;0
36069;102230.05;-11.795;-60.55;-84.96;993.65;0.56;0.49;-0.83;0
36171;102231.25;11.795;-53.71;-82.03;1013.67;1.12;2.09;-1.47;0
36273;102230.94;-3.064;-67.38;-63.48;1020.51;1.02;-0.13;-1.55;0
36375;102230.89;-0.460;-57.62;-73.24;1014.16;-0.17;-1.66;-1.79;0
36477;102230.98;0.919;-50.78;-74.71;1035.16;-0.73;0.85;-2.17;1
36579;102230.64;-3.370;-59.08;-77.15;1045.90;0.60;1.50;-1.37;1
36681;102229.78;-8.425;-65.43;-81.54;1058.11;-1.87;1.20;0.65;1
36783;102230.52;7.200;-58.11;-79.59;1060.06;-0.81;1.47;-1.31;1
36885;102229.61;-8.885;-62.01;-88.87;1047.85;0.98;-1.18;0.98;1
36987;102229.59;-0.153;-50.78;-73.24;1043.95;1.40;-1.67;-1.90;1
37089;102228.86;-7.200;-59.08;-74.71;1027.34;1.07;-1.21;-1.30;1
37191;102226.63;-21.906;-62.01;-72.27;1044.92;0.82;1.55;-1.11;1
37293;102227.53;8.885;-63.96;-70.80;1015.14;-0.21;0.09;-3.32;0
37395;102227.17;-3.523;-67.87;-75.68;991.21;2.27;2.21;-0.66;0
37497;102225.33;-18.076;-60.06;-74.22;1014.65;-0.46;0.77;0.00;0
37599;102225.63;2.911;-43.46;-72.75;976.07;1.59;0.62;0.72;0
37701;102224.89;-7.200;-51.27;-70.80;989.26;1.98;0.94;-0.09;0
37803;102223.67;-11.949;-58.59;-76.66;993.16;1.02;-0.72;-0.76;0
37905;102222.86;-7.966;-56.64;-73.73;992.68;2.15;2.73;-0.55;0
38007;102223.48;6.127;-62.01;-95.70;990.72;1.06;1.89;-0.63;0
38109;102221.81;-16.391;-35.16;-72.27;983.40;-0.86;-0.41;-0.18;0
38211;102221.05;-7.506;-62.01;-70.31;990.23;0.99;-0.39;-1.03;0
38313;102221.03;-0.153;-53.71;-67.87;958.50;0.92;1.56;0.76;1
38415;102220.86;-1.685;-63.48;-78.12;949.22;2.12;2.35;-2.08;1
38517;102220.06;-7.812;-50.29;-67.87;936.52;1.96;-0.05;-0.66;1
38619;102219.36;-6.893;-48.83;-73.73;939.94;1.73;0.00;-0.89;1
38721;102220.91;15.165;-48.34;-67.38;936.04;0.01;-0.42;-0.38;1
38823;102220.98;0.766;-46.39;-69.82;940.92;1.53;0.61;-1.16;1
38925;102219.27;-16.850;-46.88;-59.08;959.96;0.05;-1.85;-3.46;1
39027;102219.66;3.830;-51.27;-69.82;974.61;0.93;0.24;-0.66;0
39129;102220.02;3.523;-62.50;-80.08;979.00;-0.70;0.66;1.31;0
39231;102220.59;5.668;-55.66;-66.89;988.28;1.16;0.54;0.04;0
39333;102220.39;-1.991;-50.29;-73.24;992.19;1.24;-0.11;-1.83;0
39435;102219.23;-11.336;-58.11;-75.68;1002.44;1.66;0.86;-0.09;0
39537;102220.64;13.787;-59.57;-73.73;1016.60;-0.50;-2.02;0.36;0
39639;102219.11;-15.012;-46.88;-65.43;981.93;2.47;-0.37;-0.10;0
39741;102221.08;19.301;-62.99;-74.22;1013.67;1.33;1.92;1.77;0
39843;102219.84;-12.102;-73.24;-74.71;984.86;1.23;2.74;0.51;0
39945;102220.08;2.298;-55.66;-73.73;1037.60;0.98;1.77;-0.26;1
40047;102219.73;-3.370;-47.36;-85.45;1016.11;-0.69;-0.02;-1.08;0
40149;102219.55;-1.838;-52.25;-70.80;968.75;0.39;0.84;-1.07;0
40251;102220.50;9.344;-72.75;-75.20;1012.70;1.52;0.45;-0.79;0
40353;102220.28;-2.145;-54.69;-59.08;1000.00;0.21;0.22;-1.58;0
40455;102220.22;-0.613;-51.27;-72.75;1018.07;0.54;3.57;0.25;0
40557;102219.41;-7.966;-52.73;-63.48;985.84;0.89;0.40;0.80;0
40659;102220.00;5.821;-66.41;-77.64;1001.95;-0.08;-0.18;-2.60;0
40761;102220.17;1.685;-50.29;-60.55;996.09;0.63;2.27;-2.15;0
40863;102219.84;-3.217;-52.25;-78.12;997.07;-1.24;-1.18;-1.66;0
40965;102219.98;1.379;-55.18;-78.12;1011.72;1.30;0.39;-1.75;0
41067;102219.17;-7.966;-49.80;-69.82;982.91;-0.44;1.64;-1.98;0
41169;102220.50;13.021;-47.36;-67.87;999.51;1.11;-0.98;-0.19;0
41271;102220.80;2.911;-62.01;-78.12;978.52;3.02;-0.89;-1.03;0
41373;102218.97;-17.923;-56.15;-68.36;997.56;0.40;-0.51;-1.31;0
41475;102220.66;16.544;-65.43;-62.99;974.12;1.82;0.60;-2.08;0
41577;102220.03;-6.127;-41.50;-81.05;1005.86;0.43;-2.34;-0.62;0
41679;102219.47;-5.515;-67.38;-60.55;1021.48;-0.51;-0.34;-1.15;0
41781;102220.48;9.957;-68.85;-83.98;1021.00;1.08;1.50;-0.76;0
41883;102220.52;0.306;-65.43;-73.73;1010.74;0.82;-1.11;0.56;0
41985;102219.84;-6.587;-58.59;-78.61;1018.07;1.18;0.37;-0.08;0
42087;102219.94;0.919;-52.73;-73.73;988.77;1.65;2.14;-1.23;0
42189;102219.61;-3.217;-57.13;-78.61;971.19;0.85;1.35;-1.79;0
42291;102220.78;11.489;-62.50;-70.80;998.54;-0.37;1.34;-1.04;0
42393;102220.89;1.072;-64.45;-83.01;995.12;0.82;2.55;-1.82;0
42495;102220.72;-1.685;-51.27;-73.73;994.63;0.21;0.83;-1.26;0
42597;102221.11;3.830;-52.25;-67.38;983.40;1.66;1.95;2.09;0
42699;102220.80;-3.064;-60.06;-73.73;980.47;2.95;2.74;2.21;0
42801;102219.67;-11.029;-53.71;-83.50;989.75;-1.69;-2.34;-0.95;0
42903;102220.61;9.191;-41.99;-59.08;998.54;0.14;-0.32;-1.04;0
43005;102220.61;0.000;-71.78;-77.15;1028.32;3.08;-0.79;-1.42;1
43107;102220.92;3.064;-45.90;-73.73;990.72;-0.02;-0.08;-0.87;0
43209;102219.50;-13.940;-64.45;-81.05;1002.44;0.48;-2.03;-1.06;0
43311;102220.23;7.200;-56.64;-70.31;1005.37;0.50;1.90;-0.73;0
43413;102219.73;-4.902;-64.45;-65.43;1013.18;1.95;-0.43;-1.09;0
43515;102220.70;9.498;-59.57;-82.03;1019.04;-0.47;0.66;-2.39;0
43617;102221.33;6.127;-60.06;-66.41;1010.74;0.18;1.15;0.55;0
43719;102220.52;-7.966;-55.18;-73.73;982.91;0.79;1.31;-1.99;0
43821;102219.52;-9.804;-68.36;-60.06;997.07;2.75;-2.03;1.23;0
43923;102220.56;10.263;-59.08;-64.94;987.30;0.83;-0.23;-2.12;0
44025;102220.98;4.136;-53.71;-78.12;1003.42;0.42;1.21;-2.74;0
44127;102220.77;-2.145;-67.87;-79.59;998.54;0.60;-0.34;-0.73;0
44229;102219.81;-9.344;-65.43;-76.17;1018.07;1.45;-1.54;-1.08;0
44331;102220.59;7.659;-45.90;-72.75;975.59;0.04;-1.83;0.88;0
44433;102220.70;1.072;-47.85;-83.98;1012.70;0.73;-1.41;-1.18;0
44535;102220.41;-2.911;-44.92;-79.10;998.05;1.41;-1.09;-0.67;0
44637;102221.00;5.821;-45.90;-72.27;998.54;-0.28;1.65;-1.97;0
44739;102221.03;0.306;-66.89;-80.57;1000.00;1.63;1.83;-3.68;0
44841;102220.83;-1.991;-42.48;-63.96;989.75;1.57;0.57;-1.46;0
44943;102220.39;-4.289;-52.25;-70.31;1009.77;0.52;1.54;-0.28;0
45045;102220.77;3.676;-43.95;-74.71;992.68;0.24;-3.23;-1.63;0
45147;102220.00;-7.506;-62.01;-66.41;1021.00;1.99;1.74;-0.33;0
45249;102221.84;18.076;-51.76;-77.64;983.40;0.24;1.90;-0.46;0
45351;102219.56;-22.365;-59.08;-73.73;1013.18;1.62;0.26;1.10;0
45453;102221.05;14.553;-52.73;-72.27;986.82;0.32;2.79;-1.19;0
45555;102220.86;-1.838;-51.27;-79.10;1001.46;2.02;-0.18;-2.92;0
45657;102219.98;-8.578;-60.06;-72.75;1008.30;0.31;0.98;0.35;0
45759;102221.41;13.940;-50.78;-54.20;1002.93;1.41;-0.71;-0.29;0
45861;102220.55;-8.425;-57.13;-73.73;1013.18;0.26;1.62;-2.02;0
45963;102220.17;-3.676;-52.73;-76.66;995.61;0.88;-1.95;-2.72;0
46065;102220.78;5.974;-58.59;-89.36;1021.00;2.59;1.04;-0.64;0
46167;102221.14;3.523;-46.39;-64.45;981.93;2.58;2.34;-1.27;0
46269;102220.50;-6.281;-62.99;-71.29;1009.77;0.04;-1.69;-0.89;0
46371;102221.56;10.417;-55.66;-68.85;1007.81;0.11;-0.05;-1.88;0
46473;102221.39;-1.685;-55.18;-69.82;998.05;1.47;1.22;-1.11;0
46575;102220.17;-11.949;-60.55;-79.59;1001.95;-1.24;1.37;-2.17;0
46677;102220.97;7.812;-53.22;-81.05;982.42;1.66;-1.28;-0.98;0
46779;102220.30;-6.587;-64.94;-74.22;1004.39;0.77;-2.95;-0.18;0
46881;102221.09;7.812;-52.73;-67.87;984.37;0.44;0.96;-2.61;0
46983;102220.77;-3.217;-50.29;-79.10;1009.77;1.09;0.75;-2.62;0
47085;102221.23;4.596;-41.02;-74.22;990.72;0.24;1.61;-1.12;0
47187;102220.16;-10.570;-48.83;-64.45;1012.70;1.29;0.57;0.44;0
47289;102220.67;5.055;-53.22;-78.12;1000.98;1.57;1.10;-0.35;0
47391;102219.81;-8.425;-49.32;-72.27;998.05;0.82;2.00;0.66;0
47493;102220.42;5.974;-56.15;-70.80;1002.93;0.24;0.60;-0.44;0
47595;102220.78;3.523;-54.69;-89.36;989.26;2.68;2.35;-0.34;0
47697;102220.11;-6.587;-62.99;-75.68;1016.60;0.08;1.91;1.02;0
47799;102220.52;3.983;-55.18;-72.75;987.79;1.02;0.38;-1.37;0
47901;102220.03;-4.749;-53.71;-90.33;1014.65;0.15;-2.36;-2.37;0
48003;102219.59;-4.289;-49.80;-64.94;978.52;0.95;3.59;-3.68;1
48105;102219.55;-0.460;-61.04;-86.91;1003.91;2.00;-0.46;0.44;0
48207;102219.88;3.217;-50.29;-65.92;989.75;1.41;0.76;-0.03;0
48309;102219.70;-1.685;-41.99;-67.38;995.12;-0.14;0.92;0.50;0
48411;102220.64;9.191;-57.13;-67.38;992.19;0.07;0.34;0.18;0
48513;102220.09;-5.362;-57.13;-79.10;996.58;1.38;-2.58;-3.63;0
48615;102220.44;3.370;-54.20;-67.87;1001.95;-0.20;-0.85;-1.45;0
48717;102221.33;8.732;-61.04;-64.94;1008.30;3.44;1.99;0.31;0
48819;102219.72;-15.778;-48.34;-77.64;1001.95;0.68;1.73;0.21;0
48921;102221.36;16.085;-52.73;-73.73;1009.28;0.84;-3.54;-0.88;0
49023;102220.36;-9.804;-60.55;-74.22;1004.39;0.04;-0.85;1.13;0
49125;102220.97;5.974;-58.11;-79.59;1000.98;2.88;3.24;0.60;0
49227;102219.69;-12.561;-58.11;-72.75;1001.95;0.13;-2.19;-3.48;0
49329;102219.14;-5.362;-52.73;-63.48;989.26;0.08;1.75;-2.11;0
49431;102220.08;9.191;-53.22;-74.22;1000.98;0.25;1.54;0.39;0
49533;102219.73;-3.370;-50.29;-71.78;993.16;0.69;0.62;0.47;0
49635;102220.28;5.362;-62.99;-87.40;1009.77;1.31;-2.58;-0.35;0
49737;102219.08;-11.795;-51.76;-68.85;979.98;0.49;-1.02;-3.92;0
49839;102218.97;-1.072;-54.69;-82.03;1005.37;-0.48;-0.13;-0.57;0
49941;102219.36;3.830;-52.25;-71.78;986.82;-0.33;0.78;-0.98;0
50043;102219.44;0.766;-43.46;-81.05;999.02;0.81;-1.65;-1.74;0
50145;102220.38;9.191;-58.59;-71.29;998.54;0.25;1.74;-1.48;0
50247;102220.38;0.000;-54.20;-66.41;987.30;1.05;0.31;-0.63;0
50349;102219.61;-7.506;-66.41;-69.82;1010.25;-0.32;-0.79;-1.07;0
50451;102220.08;4.596;-58.59;-78.61;985.84;2.06;-1.16;-0.15;0
50553;102221.94;18.229;-56.64;-76.17;1001.46;-0.17;-2.27;0.50;0
50655;102220.16;-17.463;-48.83;-65.43;994.63;0.00;-0.04;-0.50;0
50757;102219.81;-3.370;-52.25;-68.36;1005.37;-1.09;2.98;-0.25;0
50859;102220.22;3.983;-58.11;-72.75;1013.67;2.38;0.89;1.36;0
50961;102219.98;-2.298;-48.83;-78.12;997.07;0.30;1.31;-0.86;0
51063;102221.14;11.336;-54.69;-75.68;991.70;0.55;0.85;0.69;0
51165;102219.95;-11.642;-56.15;-83.98;997.56;-0.16;-0.37;0.34;0
51267;102220.30;3.370;-57.62;-88.38;995.61;0.30;0.74;-1.24;0
51369;102220.67;3.676;-71.78;-82.52;1018.55;0.42;0.34;-1.76;0
51471;102221.31;6.281;-62.99;-69.34;984.86;1.32;-0.08;-0.90;0
51573;102219.94;-13.480;-55.66;-79.59;1012.21;0.98;0.24;-1.72;0
51675;102219.58;-3.523;-58.11;-73.73;991.70;0.54;1.87;-0.85;0
51777;102220.53;9.344;-60.06;-74.71;1010.74;-1.32;0.80;-2.96;0
51879;102219.91;-6.127;-52.73;-67.87;1014.65;-0.29;0.33;-2.58;0
51981;102220.38;4.596;-49.80;-74.71;994.63;0.41;0.20;1.48;0
52083;102219.80;-5.668;-57.62;-70.31;986.33;0.43;0.21;-1.07;0
52185;102220.34;5.362;-56.15;-80.08;989.26;0.15;3.43;1.15;0
52287;102219.73;-5.974;-57.62;-74.71;997.07;1.90;1.07;-1.60;0
52389;102220.53;7.812;-41.99;-74.22;992.19;1.40;-0.69;0.24;0
52491;102220.41;-1.225;-53.22;-72.27;1007.81;1.31;2.73;0.40;0
52593;102219.19;-11.949;-50.29;-65.92;987.79;1.01;1.44;1.23;0
52695;102218.75;-4.289;-48.34;-78.61;980.96;0.72;0.73;-0.40;0
52797;102219.36;5.974;-53.71;-71.78;1020.02;0.91;1.28;-0.61;0
52899;102220.06;6.893;-53.71;-77.15;1001.95;0.40;1.88;-1.22;0
53001;102219.63;-4.289;-72.27;-72.75;990.72;0.81;2.38;-1.53;0
53103;102220.22;5.821;-56.15;-73.24;1008.79;-0.93;2.07;-0.76;0
53205;102219.80;-4.136;-54.69;-72.27;993.65;1.37;-0.68;-1.96;0
53307;102220.36;5.515;-60.55;-72.75;1003.91;0.93;0.82;-1.43;0
53409;102218.58;-17.463;-57.13;-62.01;979.98;1.63;-0.31;-0.61;0
53511;102219.73;11.336;-58.59;-90.33;1004.39;0.55;-2.62;-4.35;1
53613;102219.92;1.838;-59.57;-63.48;994.14;1.07;1.52;0.63;0
53715;102219.36;-5.515;-62.50;-86.43;999.02;0.33;-1.58;-2.53;0
53817;102219.69;3.217;-55.66;-72.27;983.40;1.21;1.12;0.73;0
53919;102219.08;-5.974;-59.08;-79.59;999.51;-0.21;-2.02;-2.37;0
54021;102218.36;-7.047;-50.78;-69.34;997.07;1.37;0.11;-0.57;0
54123;102218.28;-0.766;-45.41;-57.62;996.58;1.90;-0.34;-0.37;0
54225;102218.53;2.451;-55.66;-79.59;986.82;0.62;0.31;-0.41;0
54327;102218.48;-0.460;-47.36;-62.99;1001.46;0.32;0.72;0.95;0
54429;102219.45;9.498;-47.85;-75.68;1001.46;2.40;0.97;-0.78;0
54531;102219.31;-1.379;-61.52;-73.24;1007.32;1.90;-0.55;0.56;0
54633;102220.50;11.642;-52.25;-72.75;988.28;0.09;2.11;-1.93;0
54735;102219.05;-14.246;-56.64;-66.89;1021.00;0.47;1.30;0.69;0
54837;102219.55;4.902;-48.83;-81.54;998.05;0.28;-0.98;1.15;0
54939;102219.50;-0.460;-56.15;-64.45;994.14;-0.35;-2.81;-0.68;0
55041;102217.81;-16.544;-55.66;-77.64;1016.60;-1.73;-1.04;-1.60;0
55143;102219.69;18.382;-60.06;-70.80;1014.65;0.90;0.14;-0.66;0
55245;102219.17;-5.055;-53.71;-61.52;1005.86;0.20;0.97;-1.68;0
55347;102218.53;-6.281;-62.99;-81.54;1008.79;0.79;-0.94;-1.24;0
55449;102219.11;5.668;-60.55;-71.29;1014.65;0.77;2.85;2.69;0
55551;102219.48;3.676;-56.15;-75.20;1003.91;1.47;0.18;-0.92;0
55653;102218.64;-8.272;-51.76;-73.73;989.26;-0.57;-0.23;-3.25;0
55755;102220.80;21.140;-61.04;-78.61;995.12;0.68;3.67;-1.97;0
55857;102219.39;-13.787;-66.89;-65.43;999.51;0.15;2.50;-3.30;0
55959;102219.16;-2.298;-57.13;-83.98;1000.49;1.73;-1.26;-1.85;0
56061;102219.02;-1.379;-62.01;-79.59;1013.18;1.95;0.06;-1.34;0
56163;102219.52;4.902;-52.25;-77.64;986.33;-0.01;-0.61;-1.19;0
56265;102219.95;4.289;-54.20;-56.15;996.09;1.56;-4.09;-0.73;0
56367;102220.25;2.911;-51.27;-86.43;1009.28;1.40;2.66;-1.02;0
56469;102219.03;-11.949;-50.78;-69.34;992.68;-0.25;2.36;1.76;0
56571;102217.78;-12.255;-61.52;-74.22;987.30;-0.19;-0.79;0.56;0
56673;102220.38;25.429;-52.25;-74.71;1000.00;0.11;-1.11;0.73;0
56775;102220.08;-2.911;-68.36;-83.50;1018.07;-0.15;0.68;-0.27;0
56877;102219.06;-9.957;-48.34;-67.38;1022.46;0.74;-3.68;0.05;0
56979;102219.31;2.451;-62.99;-70.31;1027.83;0.79;0.73;-1.49;1
57081;102219.75;4.289;-53.22;-79.10;1037.11;2.38;3.15;-1.95;1
57183;102218.39;-13.327;-56.15;-71.78;1010.25;0.43;0.37;-2.24;0
57285;102220.39;19.608;-53.71;-84.47;1040.53;-0.33;-1.53;-0.11;1
57387;102219.50;-8.732;-64.94;-88.87;1049.80;1.99;-0.84;-2.09;1
57489;102219.42;-0.766;-48.34;-75.20;1031.25;1.06;0.65;0.02;1
57591;102218.11;-12.868;-54.69;-70.80;1055.18;-0.19;-1.02;-0.02;1
57693;102217.98;-1.225;-64.45;-96.19;1072.27;0.53;-0.85;-0.18;1
57795;102218.55;5.515;-62.50;-80.57;1045.90;0.93;-0.34;-4.66;1
57897;102217.38;-11.489;-58.11;-84.47;1035.64;-0.27;1.72;0.36;1
57999;102216.81;-5.515;-65.43;-84.96;1061.52;1.44;0.13;-1.79;1
58101;102215.58;-12.102;-67.87;-88.87;1051.27;3.47;1.75;-2.29;1
58203;102215.52;-0.613;-52.73;-78.12;1051.76;2.83;2.44;-1.33;1
58305;102213.38;-20.987;-74.22;-76.17;1085.45;2.05;-0.58;-0.13;1
58407;102211.56;-17.770;-55.18;-72.27;1052.25;0.39;-2.02;0.59;1
58509;102211.69;1.225;-58.59;-77.15;1051.27;1.23;-0.24;-0.58;1
58611;102209.63;-20.221;-59.08;-79.10;1048.34;0.15;2.93;0.28;1
58713;102207.84;-17.463;-50.29;-71.78;1003.91;2.44;-1.89;-1.77;0
58815;102207.64;-1.991;-66.41;-65.43;1040.53;0.88;0.76;0.26;1
58917;102207.36;-2.757;-56.64;-61.52;1045.41;0.55;0.77;-2.42;1
59019;102205.23;-20.833;-65.43;-75.68;1009.28;2.24;3.22;-1.85;0
59121;102205.25;0.153;-74.71;-69.82;1023.44;3.03;0.58;-0.49;0
59223;102202.42;-27.727;-46.39;-85.94;1025.39;0.07;-1.51;-1.50;1
59325;102201.30;-11.029;-57.13;-69.34;1022.95;1.07;2.95;0.44;0
59427;102200.63;-6.587;-59.08;-70.31;1025.88;2.63;3.67;0.34;0
59529;102199.72;-8.885;-69.82;-87.40;1021.97;-0.78;-0.18;-1.31;0
59631;102198.31;-13.787;-51.27;-68.85;1002.44;0.18;-2.79;-0.83;0
59733;102196.47;-18.076;-64.45;-87.89;1019.53;0.46;0.66;2.14;0
59835;102196.13;-3.370;-70.80;-79.59;984.37;-0.04;0.44;-0.62;0
59937;102194.97;-11.336;-50.78;-64.94;980.96;1.24;1.55;-1.44;0
60039;102193.14;-17.923;-50.78;-75.68;1001.95;0.90;2.23;-1.56;0
60141;102193.16;0.153;-48.34;-69.34;959.47;0.18;1.95;-2.56;1
60243;102192.28;-8.578;-47.36;-71.78;961.43;2.08;-0.85;-2.67;1
60345;102191.06;-11.949;-59.08;-82.52;967.29;-0.08;-1.16;0.37;0
60447;102190.45;-5.974;-48.83;-58.11;943.85;2.28;-1.15;-2.37;1
60549;102189.42;-10.110;-39.55;-65.92;942.38;-0.70;-1.20;0.16;1
60651;102188.34;-10.570;-59.08;-82.03;942.38;1.02;0.19;0.39;1
60753;102188.28;-0.613;-41.50;-72.27;932.13;1.18;0.49;0.68;1
60855;102186.59;-16.544;-66.41;-75.20;957.03;0.89;1.74;-1.93;1
60957;102186.14;-4.442;-45.41;-64.45;931.64;-0.15;1.34;-1.05;1
61059;102186.06;-0.766;-43.46;-60.55;940.92;1.98;0.22;-1.65;1
61161;102185.92;-1.379;-58.11;-62.50;970.21;1.18;-0.10;-1.89;0
61263;102186.39;4.596;-55.66;-77.64;948.73;2.03;-1.00;-0.50;1
61365;102185.50;-8.732;-53.71;-53.22;945.80;-0.97;0.03;-2.86;1
61467;102184.33;-11.489;-44.92;-74.71;956.54;0.79;0.81;-0.11;1
61569;102184.89;5.515;-44.43;-69.34;935.55;0.65;0.43;-1.37;1
61671;102185.69;7.812;-54.69;-72.75;957.52;1.27;2.00;-0.02;1
61773;102184.20;-14.553;-60.06;-70.31;978.52;2.19;2.44;-2.05;0
61875;102184.58;3.676;-57.62;-62.50;956.05;2.74;2.97;-1.47;1
61977;102184.94;3.523;-56.15;-70.31;998.54;1.61;-1.16;0.66;0
62079;102185.25;3.064;-47.36;-74.71;979.00;-0.78;-0.21;-1.65;0
62181;102183.39;-18.229;-53.71;-74.22;968.26;2.18;0.66;-0.05;0
62283;102184.36;9.498;-61.04;-91.80;989.75;0.14;-1.55;-1.78;0
62385;102184.56;1.991;-56.64;-80.57;979.49;0.05;1.15;-0.22;0
62487;102184.50;-0.613;-50.78;-61.04;993.65;0.23;-0.90;0.02;0
62589;102185.31;7.966;-62.01;-81.54;1007.81;-0.04;-0.72;0.35;0
62691;102184.19;-11.029;-59.08;-81.05;976.07;1.11;-0.61;1.91;0
62793;102183.80;-3.830;-61.52;-81.54;1002.93;1.02;-0.46;-1.11;0
62895;102183.73;-0.613;-54.69;-82.52;1000.49;-0.02;1.57;0.70;0
62997;102184.83;10.723;-42.97;-71.78;1000.49;1.60;0.51;-2.31;0
63099;102184.55;-2.757;-65.92;-85.94;1018.07;1.15;-0.16;-2.16;0
63201;102184.98;4.289;-66.41;-68.85;987.30;-0.79;0.18;-0.61;0
63303;102184.66;-3.217;-63.48;-78.61;1016.11;1.06;0.44;1.02;0
63405;102184.75;0.919;-55.18;-66.89;1008.79;0.95;-0.73;-0.70;0
63507;102186.67;18.842;-54.20;-70.31;986.33;-0.17;1.47;1.13;0
63609;102184.72;-19.148;-55.18;-83.98;1001.95;-1.14;-1.92;-1.47;0
63711;102185.08;3.523;-64.45;-64.94;990.23;1.57;-1.65;-0.73;0
63813;102184.83;-2.451;-60.55;-66.89;1007.32;-1.16;-0.20;0.28;0
63915;102184.56;-2.604;-52.73;-70.80;1002.93;1.41;0.79;-1.96;0
64017;102185.38;7.966;-52.73;-59.08;986.82;0.24;-1.20;-0.44;0
64119;102185.05;-3.217;-65.43;-66.41;998.05;1.69;-0.37;-1.55;0
64221;102184.78;-2.604;-52.25;-72.75;1008.30;0.89;1.98;0.82;0
64323;102185.63;8.272;-40.53;-61.04;992.68;1.66;2.01;2.39;0
64425;102185.30;-3.217;-50.78;-66.89;1009.28;0.18;-0.21;-1.05;0
64527;102183.34;-19.148;-52.73;-73.24;1001.46;0.59;-1.17;-2.25;0
64629;102184.80;14.246;-63.96;-74.22;987.79;0.91;2.57;-1.19;0
64731;102184.38;-4.136;-51.27;-83.01;1022.95;2.63;1.23;-2.71;0
64833;102185.06;6.740;-53.22;-78.61;988.77;-2.90;0.39;-0.92;0
64935;102185.25;1.838;-61.52;-63.96;1004.39;0.77;1.35;-1.37;0
65037;102185.63;3.676;-53.71;-55.66;997.07;0.93;0.47;0.11;0
65139;102184.27;-13.327;-53.22;-72.75;987.30;0.15;2.27;-1.37;0
65241;102183.94;-3.217;-46.88;-70.31;1009.28;0.38;0.20;-0.79;0
65343;102183.56;-3.676;-45.41;-88.38;987.79;0.47;1.31;-0.37;0
65445;102184.56;9.804;-50.78;-66.89;995.12;2.12;0.30;-0.54;0
65547;102185.11;5.362;-70.31;-85.45;1011.23;1.53;1.00;-2.71;0
65649;102184.98;-1.225;-56.15;-69.34;983.89;-0.72;0.39;-0.34;0
65751;102185.05;0.613;-54.69;-63.48;1023.93;1.21;0.79;0.08;0
65853;102184.47;-5.668;-54.20;-69.34;996.58;0.83;-3.17;-0.24;0
65955;102184.52;0.460;-60.06;-82.52;998.05;2.08;1.75;1.45;0
66057;102185.42;8.885;-57.62;-82.03;1013.67;-1.39;0.56;-2.00;0
66159;102183.61;-17.770;-50.29;-67.38;1004.39;1.62;0.40;-0.62;0
66261;102186.27;26.042;-54.69;-80.08;993.65;-1.27;0.35;-1.76;0
66363;102184.75;-14.859;-53.22;-68.85;1024.90;1.74;-0.40;-1.21;0
66465;102184.22;-5.208;-62.50;-80.08;1007.32;-0.29;-0.79;-0.29;0
66567;102184.77;5.362;-59.57;-77.15;1000.49;-0.72;1.53;-0.43;0
66669;102185.19;4.136;-48.83;-73.73;998.05;0.79;-0.85;0.73;0
66771;102184.84;-3.370;-60.06;-69.82;982.91;2.78;0.17;-1.15;0
66873;102185.44;5.821;-62.99;-81.05;1022.46;1.74;-1.51;1.20;0
66975;102185.13;-3.064;-47.36;-73.24;991.21;1.37;-0.46;-0.92;0
67077;102185.52;3.830;-52.73;-63.48;1026.86;0.61;-0.16;-0.89;1
67179;102184.92;-5.821;-39.06;-74.71;1005.37;0.18;1.34;-3.08;0
67281;102184.84;-0.766;-52.25;-79.59;994.14;0.10;0.55;0.72;0
67383;102184.36;-4.749;-65.43;-85.94;989.26;-1.53;-2.16;0.30;0
67485;102186.50;20.987;-57.62;-64.94;979.00;1.03;-0.08;-2.24;0
67587;102185.36;-11.183;-76.17;-75.20;995.61;0.92;2.04;-3.35;0
67689;102184.78;-5.668;-64.45;-68.85;1000.00;0.69;-1.15;-1.12;0
67791;102183.73;-10.263;-51.27;-82.03;989.26;0.83;-0.17;-0.64;0
67893;102184.53;7.812;-55.18;-74.22;1001.95;0.82;-0.18;-0.93;0
67995;102184.48;-0.460;-49.32;-67.87;978.52;-0.11;-0.14;-0.18;0
68097;102184.56;0.766;-83.98;-69.82;1003.42;0.98;-0.95;-1.53;0
68199;102183.91;-6.434;-49.80;-78.12;1002.93;0.34;1.89;-2.35;0
68301;102184.52;5.974;-43.46;-62.99;990.72;1.45;1.32;-1.87;0
68403;102185.48;9.498;-58.59;-79.59;1003.42;0.41;-1.69;0.28;0
68505;102185.50;0.153;-59.57;-74.71;986.82;0.86;3.13;-0.31;0
68607;102184.05;-14.246;-60.06;-73.24;1014.16;0.07;1.69;-1.66;0
68709;102184.77;7.047;-46.39;-65.92;1004.39;0.92;0.64;1.22;0
68811;102185.03;2.604;-50.29;-66.41;991.21;1.37;0.50;-1.15;0
68913;102184.78;-2.451;-58.11;-82.03;999.51;0.32;2.11;-0.04;0
69015;102185.23;4.442;-54.20;-71.78;999.51;1.15;0.01;-3.31;0
69117;102184.59;-6.281;-57.62;-82.52;1015.62;0.76;2.37;0.13;0
69219;102185.80;11.795;-67.87;-77.64;986.82;0.46;2.44;0.38;0
69321;102185.16;-6.281;-61.04;-62.99;1003.42;1.86;-1.34;-0.50;0
69423;102184.81;-3.370;-63.48;-82.52;1008.79;0.33;0.31;1.23;0
69525;102185.02;1.991;-42.97;-62.99;992.68;0.85;-0.37;-1.08;0
69627;102184.72;-2.911;-52.73;-79.10;996.58;1.21;3.24;-0.07;0
69729;102185.58;8.425;-45.90;-74.71;995.12;0.69;-1.06;0.39;0
69831;102184.19;-13.634;-41.02;-63.48;1008.30;1.52;-1.70;-0.89;0
69933;102184.72;5.208;-58.59;-73.73;988.77;0.99;3.67;-1.86;0
70035;102183.61;-10.876;-62.50;-73.24;990.23;2.69;0.81;0.64;0
70137;102184.98;13.480;-50.78;-90.33;1014.16;-0.98;-2.15;-1.90;0
70239;102185.34;3.523;-55.18;-69.34;989.75;0.89;1.92;-1.41;0
70341;102184.75;-5.821;-47.85;-76.17;1005.86;2.76;-1.30;-3.53;0
70443;102185.19;4.289;-52.73;-78.61;1006.84;-0.20;1.60;-1.89;0
70545;102184.75;-4.289;-57.62;-76.17;994.14;0.67;0.94;-1.85;0
70647;102185.20;4.442;-59.08;-81.54;1006.84;-0.35;1.93;-1.00;0
70749;102184.86;-3.370;-49.80;-65.92;989.26;0.93;0.08;0.06;0
70851;102185.33;4.596;-67.87;-85.94;1013.18;0.21;1.87;-0.09;0
70953;102185.02;-3.064;-44.92;-67.87;996.09;-1.11;0.85;0.07;0
71055;102184.28;-7.200;-49.80;-70.80;994.63;0.34;-0.38;-0.61;0
71157;102183.58;-6.893;-53.22;-76.17;1000.00;2.57;-1.18;-0.17;0
71259;102184.14;5.515;-50.78;-67.87;1005.37;-0.04;0.18;-2.50;0
71361;102184.48;3.370;-48.83;-79.59;1007.81;-0.47;1.25;-0.02;0
71463;102185.45;9.498;-55.66;-68.36;979.49;0.28;0.13;-1.37;0
71565;102183.63;-17.923;-62.99;-79.59;1009.77;0.43;-1.12;-2.31;0
71667;102185.41;17.463;-51.27;-74.71;1005.86;0.48;-1.85;-1.20;0
71769;102186.19;7.659;-46.39;-67.38;995.12;2.45;0.78;-2.84;0
71871;102183.59;-25.429;-60.06;-68.36;1011.72;0.68;1.02;0.05;0
71973;102185.02;13.940;-56.64;-70.31;998.54;1.86;-1.70;-0.61;0
72075;102184.47;-5.362;-53.22;-79.59;1002.93;1.28;-0.53;0.33;0
72177;102183.94;-5.208;-54.69;-81.54;998.54;-0.12;1.84;0.73;0
72279;102184.78;8.272;-55.66;-87.40;1021.97;2.76;3.72;-0.05;0
72381;102184.53;-2.451;-49.32;-66.41;988.28;0.92;0.65;-2.47;0
72483;102183.91;-6.127;-67.38;-84.47;1003.42;-0.59;2.42;-0.94;0
72585;102184.20;2.911;-61.04;-71.29;1001.46;2.31;-0.39;-1.33;0
72687;102184.83;6.127;-45.41;-75.68;1007.32;1.47;0.66;-2.62;0
72789;102185.44;5.974;-65.43;-65.92;996.58;-0.52;0.90;-0.09;0
72891;102184.38;-10.417;-47.36;-74.71;1000.98;1.62;2.05;0.02;0
72993;102184.64;2.604;-66.89;-79.59;1004.88;0.73;-0.12;0.09;0
73095;102184.98;3.370;-57.62;-52.25;984.86;0.75;3.13;0.94;0
73197;102185.48;4.902;-56.64;-86.91;1000.49;0.61;0.11;-0.44;0
73299;102183.91;-15.472;-45.90;-69.82;981.45;0.08;1.49;-1.28;0
73401;102185.02;10.876;-54.69;-68.85;1003.91;0.98;1.31;-0.63;0
73503;102185.47;4.442;-59.08;-78.12;1002.93;0.76;5.57;1.95;1
73605;102185.28;-1.838;-56.15;-81.05;1009.28;0.40;-0.03;-2.49;0
73707;102184.42;-8.425;-63.96;-56.64;1002.93;0.79;-0.73;-0.76;0
73809;102185.23;7.966;-50.29;-72.27;992.68;-0.30;-2.30;-0.85;0
73911;102185.23;0.000;-51.27;-77.15;1005.37;0.47;-0.76;-1.46;0
74013;102185.02;-2.145;-59.57;-80.57;1000.00;1.58;3.08;-0.87;0
74115;102184.81;-1.991;-59.57;-65.43;1004.88;2.35;-1.79;-4.11;1
74217;102184.52;-2.911;-46.88;-72.27;1000.00;0.12;-0.30;-1.15;0
74319;102185.30;7.659;-44.43;-79.10;997.07;-0.53;-0.82;-1.52;0
74421;102184.22;-10.570;-64.45;-67.87;1005.86;0.45;0.66;0.01;0
74523;102183.56;-6.434;-58.59;-56.64;982.91;2.12;-1.40;-0.25;0
74625;102184.88;12.868;-61.04;-82.03;1010.74;0.49;0.15;-1.19;0
74727;102184.41;-4.596;-63.48;-81.54;992.68;1.65;0.69;-1.47;0
74829;102184.84;4.289;-58.11;-78.61;1007.32;2.31;0.17;-4.03;0
74931;102183.97;-8.578;-55.18;-71.29;988.77;0.28;0.36;-1.47;0
75033;102185.75;17.463;-64.45;-81.54;1010.25;-0.41;-3.78;-1.41;0
75135;102183.61;-20.987;-55.66;-72.75;989.75;-0.28;-0.03;-0.95;0
75237;102186.67;30.025;-60.06;-82.03;992.68;0.01;-0.78;-1.53;0
75339;102183.59;-30.178;-58.59;-72.27;1014.16;0.56;-1.69;0.79;0
75441;102183.83;2.298;-49.32;-70.80;996.58;1.53;-0.96;-0.47;0
75543;102184.56;7.200;-66.89;-76.17;1007.81;2.03;-0.07;-1.92;0
75645;102186.27;16.697;-54.69;-75.68;1000.49;0.34;1.94;-1.03;0
75747;102184.56;-16.697;-59.57;-78.12;1004.39;-0.55;0.05;-0.68;0
75849;102184.39;-1.685;-57.13;-76.17;990.23;0.17;-1.20;-1.41;0
75951;102184.33;-0.613;-58.59;-82.52;992.19;0.12;-0.89;-1.32;0
76053;102184.48;1.532;-62.01;-79.59;1000.49;1.48;2.20;0.47;0
76155;102183.88;-5.974;-55.66;-72.27;990.23;1.61;0.07;-1.21;0
76257;102183.83;-0.460;-62.50;-81.54;1013.67;2.79;-0.86;-0.41;0
76359;102184.06;2.298;-55.18;-73.73;991.70;-1.12;2.06;-0.17;0
76461;102183.25;-7.966;-57.62;-70.31;1008.30;0.58;0.99;-1.33;0
76563;102184.95;16.697;-56.64;-68.36;989.26;-0.32;1.53;-2.51;0
76665;102184.72;-2.298;-50.78;-78.12;1007.32;-1.28;-1.53;-1.33;0
76767;102184.70;-0.153;-56.64;-71.78;1007.81;-1.10;2.09;1.74;0
76869;102183.86;-8.272;-52.73;-78.12;996.09;0.37;-0.72;1.40;0
76971;102183.97;1.072;-61.04;-74.22;1010.74;0.66;2.10;-0.44;0
77073;102182.92;-10.263;-53.22;-83.50;1006.84;-0.10;2.23;-0.18;0
77175;102183.06;1.379;-61.52;-82.03;999.02;-0.27;1.74;-1.49;0
77277;102185.03;19.301;-57.13;-68.85;999.02;-0.01;3.13;-3.24;0
77379;102183.63;-13.787;-56.15;-77.15;1006.35;0.16;3.40;0.52;0
77481;102183.94;3.064;-55.18;-71.78;997.07;1.20;-1.05;-0.51;0
77583;102184.19;2.451;-53.71;-68.85;988.77;0.01;-0.97;-0.37;0
77685;102184.48;2.911;-58.59;-66.89;992.68;0.94;1.94;2.32;0
77787;102184.09;-3.830;-62.50;-66.41;1010.25;1.81;-0.02;-1.12;0
77889;102183.98;-1.072;-56.64;-81.54;984.37;-0.95;1.05;-0.95;0
77991;102184.20;2.145;-50.29;-78.12;1005.37;1.88;0.93;-1.30;0
78093;102183.92;-2.757;-59.08;-67.38;1000.49;-0.81;-0.39;1.19;0
78195;102183.80;-1.225;-55.66;-81.05;981.93;2.18;2.23;-1.66;0
78297;102184.19;3.830;-52.25;-84.47;1004.39;0.75;-1.44;-1.74;0
78399;102183.69;-4.902;-55.18;-66.89;993.65;1.41;-0.05;-1.43;0
78501;102184.94;12.255;-60.06;-74.22;997.56;0.92;-0.25;1.45;0
78603;102184.28;-6.434;-50.78;-72.75;991.70;0.19;-0.84;-2.35;0
78705;102184.61;3.217;-63.48;-67.38;1007.81;1.34;0.48;-0.86;0
78807;102182.88;-17.004;-45.90;-74.71;986.82;0.92;1.97;-0.41;0
78909;102183.64;7.506;-50.29;-62.99;984.86;1.87;-1.06;0.25;0
79011;102183.44;-1.991;-67.87;-75.68;1003.42;1.36;3.03;-0.83;0
79113;102185.09;16.238;-55.18;-65.43;983.89;0.93;-1.10;-1.54;0
79215;102184.17;-9.038;-56.64;-67.38;1018.55;2.56;-1.26;-1.41;0
79317;102182.75;-13.940;-54.69;-52.25;1000.49;1.53;-1.21;-2.47;0
79419;102184.27;14.859;-52.73;-77.15;1028.32;0.82;0.60;-1.53;1
79521;102183.56;-6.893;-56.64;-66.41;996.09;-0.47;0.37;-0.27;0
79623;102184.38;7.966;-55.66;-76.17;1021.00;0.02;2.05;-0.98;0
79725;102183.97;-3.983;-56.64;-72.75;1006.35;-0.05;-0.40;0.31;0
79827;102184.08;1.072;-53.71;-66.41;1019.53;0.41;-0.91;-1.93;0
79929;102184.77;6.740;-55.18;-61.04;1025.39;-0.56;0.43;-1.09;0
80031;102184.63;-1.379;-46.39;-70.80;1042.97;0.51;-0.97;-0.57;1
80133;102183.75;-8.578;-61.52;-80.57;1031.25;-0.54;1.98;-0.08;1
80235;102184.13;3.676;-61.04;-71.29;1031.74;0.31;-3.00;-0.03;1
80337;102183.55;-5.668;-51.76;-73.73;1045.41;1.85;2.11;-0.39;1
80439;102184.05;4.902;-42.97;-70.80;1037.11;1.27;-0.98;-0.89;1
80541;102183.02;-10.110;-66.41;-81.54;1065.43;-0.45;0.79;-1.58;1
80643;102183.94;9.038;-61.04;-84.96;1039.06;1.79;0.22;-3.07;1
80745;102181.19;-26.961;-58.59;-70.31;1068.85;0.03;-0.09;-1.25;1
80847;102182.95;17.310;-57.13;-70.80;1056.15;0.62;-1.55;-0.49;1
80949;102181.00;-19.148;-51.27;-88.87;1061.04;0.18;0.76;-0.08;1
81051;102180.27;-7.200;-64.94;-70.80;1033.20;-0.69;-0.32;-1.98;1
81153;102179.39;-8.578;-69.82;-74.22;1031.25;0.53;0.09;-0.03;1
81255;102177.39;-19.608;-60.06;-97.17;1056.15;3.02;-0.02;-1.19;1
81357;102177.73;3.370;-61.52;-73.73;1068.36;1.96;1.66;-0.17;1
81459;102175.95;-17.463;-71.78;-65.43;1065.92;3.68;-1.85;-0.85;1
81561;102175.83;-1.225;-41.02;-65.92;1042.97;1.11;1.29;0.60;1
81663;102173.63;-21.599;-64.94;-72.27;1051.76;2.79;0.38;-1.85;1
81765;102172.81;-7.966;-49.80;-76.66;1024.41;2.02;1.02;-0.66;0
81867;102171.91;-8.885;-65.43;-75.68;1062.50;0.29;1.44;-2.13;1
81969;102169.61;-22.518;-49.32;-61.04;985.84;1.23;-2.02;0.89;0
82071;102168.64;-9.498;-62.01;-83.50;1030.76;0.85;2.18;0.14;1
82173;102167.00;-16.085;-40.53;-69.82;1018.55;1.12;1.77;-1.32;0
82275;102167.06;0.613;-72.27;-87.40;1034.18;-0.22;2.50;-0.88;1
82377;102164.69;-23.284;-53.22;-83.98;1001.46;1.02;-0.97;-0.25;0
82479;102164.03;-6.434;-56.64;-72.75;997.56;0.55;1.93;1.23;0
82581;102162.94;-10.723;-62.50;-76.17;987.30;-0.60;-0.35;-1.76;0
82683;102161.09;-18.076;-55.18;-67.87;962.89;0.94;0.40;-1.56;1
82785;102160.94;-1.532;-45.41;-67.38;988.28;2.20;3.84;-1.80;0
82887;102160.64;-2.911;-48.34;-68.85;981.45;0.27;-0.03;-1.90;0
82989;102156.45;-41.054;-55.66;-80.08;976.56;0.60;0.49;-1.24;0
83091;102158.23;17.463;-60.06;-66.89;970.70;0.01;2.50;0.82;0
83193;102156.50;-17.004;-71.29;-70.80;952.15;0.22;-0.88;-0.66;1
83295;102155.80;-6.893;-59.57;-77.15;951.17;1.91;-0.64;-0.49;1
83397;102155.00;-7.812;-48.34;-85.94;984.37;0.15;-0.57;1.00;0
83499;102154.38;-6.127;-47.85;-73.24;943.36;0.44;-1.76;1.70;1
83601;102154.05;-3.217;-58.59;-67.87;953.12;-0.56;2.79;-0.80;1
83703;102152.30;-17.157;-43.46;-66.41;937.50;1.67;0.72;-0.11;1
83805;102152.53;2.298;-49.32;-82.52;956.05;1.13;0.50;-0.85;1
83907;102151.98;-5.362;-58.11;-60.55;949.71;1.50;1.05;-0.83;1
84009;102150.52;-14.400;-60.55;-70.31;956.05;0.72;-0.93;-0.82;1
84111;102150.33;-1.838;-49.32;-68.85;934.08;0.49;1.11;-0.28;1
84213;102150.94;5.974;-57.62;-69.82;960.45;1.53;0.34;0.84;1
84315;102149.67;-12.408;-43.46;-62.50;921.39;0.79;-0.02;-1.52;1
84417;102149.14;-5.208;-53.71;-75.68;962.40;1.63;-1.63;0.42;1
84519;102150.13;9.651;-48.83;-66.41;948.73;0.33;0.91;-0.96;1
84621;102149.03;-10.723;-54.69;-71.29;956.54;-0.63;2.55;-1.07;1
84723;102149.16;1.225;-56.15;-68.85;963.87;-1.60;1.96;-0.23;1
84825;102149.48;3.217;-54.69;-66.89;967.77;1.48;1.47;0.77;0
84927;102149.25;-2.298;-53.71;-94.73;968.26;0.40;1.89;-1.27;0
85029;102149.25;0.000;-60.06;-72.27;980.96;1.69;3.08;1.11;0
85131;102148.39;-8.425;-39.55;-64.45;987.79;-0.47;-1.06;-0.36;0
85233;102149.06;6.587;-52.73;-68.85;982.91;2.01;-0.62;-2.06;0
85335;102149.91;8.272;-56.15;-73.24;1002.93;0.23;1.30;-2.23;0
85437;102150.25;3.370;-62.99;-72.27;1004.39;1.89;-1.39;-0.72;0
85539;102149.83;-4.136;-61.04;-74.71;995.61;2.02;-0.60;-0.47;0
85641;102149.75;-0.766;-54.20;-61.04;999.51;2.28;1.63;0.02;0
85743;102149.58;-1.685;-55.66;-75.20;997.56;-0.34;-0.02;0.88;0
85845;102149.67;0.919;-51.76;-69.82;984.86;1.16;3.35;0.06;0
85947;102150.06;3.830;-42.97;-95.21;1012.70;1.11;-2.79;-1.15;0
86049;102149.59;-4.596;-63.96;-72.27;997.07;1.41;1.98;-2.33;0
86151;102148.05;-15.165;-60.06;-82.03;1009.28;0.54;0.17;-1.73;0
86253;102150.03;19.455;-48.83;-72.75;1007.32;1.08;0.05;0.24;0
86355;102150.73;6.893;-66.89;-78.12;1007.81;-0.11;1.45;-0.42;0
86457;102150.38;-3.523;-58.11;-71.29;993.16;0.31;0.13;-0.70;0
86559;102150.39;0.153;-64.94;-82.03;1002.93;0.52;1.97;-0.15;0
86661;102149.09;-12.714;-60.06;-75.68;993.65;0.02;1.40;-0.60;0
86763;102150.64;15.165;-63.96;-73.73;1016.11;-0.25;0.21;-0.15;0
86865;102149.94;-6.893;-59.57;-59.08;988.77;0.00;0.02;-0.29;0
86967;102151.25;12.868;-63.48;-68.85;1001.95;1.90;2.98;1.66;0
87069;102150.09;-11.336;-51.76;-73.73;997.56;-0.52;2.33;-1.73;0
87171;102148.84;-12.255;-52.25;-73.24;998.05;1.09;-1.40;1.95;0
87273;102150.39;15.165;-56.64;-87.89;983.40;0.71;2.32;-1.33;0
87375;102150.14;-2.451;-57.13;-68.85;1028.32;0.12;-1.73;-0.67;1
87477;102150.28;1.379;-63.96;-78.61;991.21;1.59;0.05;-0.49;0
87579;102149.72;-5.515;-67.38;-69.34;1004.88;2.13;0.95;0.35;0
87681;102150.27;5.362;-48.83;-71.78;995.61;1.54;1.15;1.82;0
87783;102150.84;5.668;-58.59;-75.20;1015.62;1.29;-1.48;0.94;0
87885;102150.27;-5.668;-62.50;-64.45;994.63;2.30;-0.64;-2.37;0
87987;102148.56;-16.697;-49.32;-83.01;1002.93;-0.15;0.16;-2.24;0
88089;102148.50;-0.613;-61.52;-76.17;980.47;2.14;-0.34;-0.71;0
88191;102150.27;17.310;-54.20;-80.08;1006.84;2.16;1.31;-1.19;0
88293;102150.17;-0.919;-60.55;-69.34;991.21;1.72;-0.43;-0.84;0
88395;102148.88;-12.714;-59.57;-77.15;1009.77;1.80;0.03;-0.88;0
88497;102151.23;23.131;-51.27;-71.29;997.07;-0.02;2.83;-0.83;0
88599;102150.28;-9.344;-67.38;-73.73;1048.83;0.86;1.71;-0.23;1
88701;102150.48;1.991;-56.15;-65.43;998.05;1.95;-1.60;-2.18;0
88803;102148.80;-16.544;-50.78;-73.73;1010.25;0.60;2.08;-0.15;0
88905;102150.48;16.544;-46.88;-75.68;985.84;-0.02;0.85;-2.00;0
89007;102149.83;-6.434;-42.48;-69.34;1014.16;-0.71;4.02;-1.00;0
89109;102149.88;0.460;-59.57;-80.57;999.02;1.58;2.02;-2.20;0
89211;102150.78;8.885;-46.88;-66.89;999.02;0.34;-2.06;-1.72;0
89313;102150.20;-5.668;-55.66;-71.29;1000.98;1.39;1.82;0.12;0
89415;102151.27;10.417;-52.73;-91.80;1010.74;0.89;1.41;1.44;0
89517;102150.11;-11.336;-53.22;-80.57;996.58;0.59;0.82;-1.26;0
89619;102150.56;4.442;-48.34;-68.85;1008.30;2.10;-2.28;-0.79;0
89721;102150.00;-5.515;-64.94;-76.17;1009.28;0.17;-0.20;-1.73;0
89823;102149.66;-3.370;-55.66;-73.73;999.51;2.01;-1.13;-0.85;0
89925;102151.25;15.625;-60.55;-62.99;984.37;-0.71;1.23;-0.61;0
90027;102150.50;-7.353;-48.83;-67.87;997.07;-0.33;-2.27;1.65;0
90129;102150.33;-1.685;-45.90;-87.40;994.63;0.18;-3.14;-0.54;0
90231;102149.69;-6.281;-62.01;-77.15;1004.88;1.56;-0.95;-2.52;0
90333;102150.77;10.570;-41.02;-59.57;1004.39;-0.69;-0.53;-0.86;0
90435;102150.08;-6.740;-50.29;-64.45;995.61;-0.06;2.69;-0.86;0
90537;102151.78;16.697;-39.55;-71.78;992.19;-1.47;1.82;-1.31;0
90639;102150.05;-17.004;-52.25;-73.73;1015.14;0.34;1.34;-1.52;0
90741;102150.45;3.983;-53.22;-62.99;1011.72;0.51;-0.50;-0.21;0
90843;102149.67;-7.659;-67.38;-77.64;991.21;1.12;2.50;-0.85;0
90945;102149.91;2.298;-53.71;-88.38;999.51;0.70;-0.21;-1.82;0
91047;102150.58;6.587;-58.59;-66.41;1016.11;-1.21;-1.86;1.48;0
91149;102151.44;8.425;-54.20;-80.57;1003.42;-0.01;-0.32;-1.57;0
91251;102147.98;-33.854;-48.34;-56.64;977.54;-0.20;-0.20;-1.02;0
91353;102151.03;29.871;-53.71;-68.36;998.05;-0.72;-1.70;-3.21;0
91455;102151.72;6.740;-62.01;-65.92;1002.93;2.82;0.31;-0.89;0
91557;102150.08;-16.085;-56.64;-74.22;978.52;-1.04;3.09;-0.72;0
91659;102149.56;-5.055;-45.90;-71.78;1009.28;0.08;1.85;-2.95;0
91761;102151.45;18.536;-69.82;-77.64;1000.98;0.40;1.81;-0.69;0
91863;102150.09;-13.327;-57.62;-69.82;982.91;1.24;0.49;-1.34;0
91965;102150.56;4.596;-62.01;-75.68;988.77;2.29;0.62;-1.58;0
92067;102149.61;-9.344;-52.25;-79.10;994.14;1.15;0.13;-0.69;0
92169;102150.66;10.263;-51.27;-83.01;993.16;1.98;2.07;-2.99;0
92271;102150.14;-5.055;-52.25;-82.03;997.07;-1.95;1.20;-0.49;0
92373;102149.14;-9.804;-52.73;-70.80;997.56;1.55;0.90;-1.06;0
92475;102151.09;19.148;-64.94;-76.66;1005.37;3.24;-0.27;-1.57;0
92577;102151.19;0.919;-69.34;-68.36;1005.86;-0.57;1.98;-0.79;0
92679;102150.16;-10.110;-48.83;-69.34;995.61;1.41;-0.06;-0.52;0
92781;102150.77;5.974;-69.82;-65.43;999.02;1.18;-2.06;-1.57;0
92883;102149.28;-14.553;-56.64;-77.15;1005.37;0.51;1.89;-1.24;0
92985;102150.53;12.255;-41.99;-71.78;1008.30;0.85;0.98;0.73;0
93087;102150.00;-5.208;-54.69;-67.38;1007.81;0.68;-0.24;1.18;0
93189;102149.72;-2.757;-60.06;-71.29;1001.46;0.15;-0.47;-1.95;0
93291;102151.25;15.012;-54.69;-72.27;998.05;0.77;-0.37;-0.05;0
93393;102151.06;-1.838;-56.64;-79.59;996.58;-0.61;-1.04;-1.23;0
93495;102150.83;-2.298;-54.69;-74.71;996.09;1.65;-0.39;1.04;0
93597;102149.95;-8.578;-59.08;-65.92;1008.30;0.34;-1.33;0.21;0
93699;102150.83;8.578;-51.27;-74.22;993.65;-0.47;2.38;-2.03;0
93801;102151.22;3.830;-64.45;-64.94;1002.93;0.95;-0.26;0.56;0
93903;102150.78;-4.289;-63.48;-72.75;999.02;-0.59;-0.08;-2.11;0
94005;102149.86;-9.038;-56.64;-79.10;991.70;1.11;1.48;-0.20;0
94107;102149.73;-1.225;-52.25;-77.64;1003.42;0.93;-1.16;-2.25;0
94209;102150.20;4.596;-59.57;-85.45;1007.81;-0.47;0.47;-0.80;0
94311;102149.67;-5.208;-54.20;-68.36;994.63;0.85;1.65;-1.99;0
94413;102151.03;13.327;-63.96;-57.62;985.84;1.95;0.85;-3.46;0
94515;102150.63;-3.983;-56.15;-86.91;1003.42;1.51;-0.01;-3.15;0
94617;102150.42;-1.991;-54.20;-77.64;1006.35;0.24;1.16;-0.01;0
94719;102151.30;8.578;-67.87;-74.22;990.72;1.50;2.37;-0.05;0
94821;102150.63;-6.587;-55.66;-74.22;997.56;2.63;-1.23;-0.88;0
94923;102149.88;-7.353;-58.59;-82.03;1004.88;2.63;-0.89;-1.62;0
95025;102150.92;10.263;-54.20;-69.34;1000.49;-0.07;0.40;-0.41;0
95127;102150.00;-9.038;-49.80;-67.87;988.77;1.52;-0.22;-2.57;0
95229;102150.73;7.200;-60.55;-78.12;1000.00;0.70;0.63;0.96;0
95331;102150.61;-1.225;-55.18;-85.45;1013.67;1.56;0.36;-1.26;0
95433;102151.00;3.830;-49.80;-67.38;985.84;-0.08;1.73;-0.03;0
95535;102150.77;-2.298;-52.25;-71.78;1019.53;0.76;-0.97;-0.56;0
95637;102151.44;6.587;-57.13;-79.59;1013.18;0.33;-0.56;0.89;0
95739;102151.20;-2.298;-46.39;-68.36;984.37;1.85;0.89;1.56;0
95841;102150.92;-2.757;-56.64;-67.87;999.02;0.08;-0.36;-0.54;0
95943;102151.14;2.145;-67.87;-83.50;996.09;-1.95;1.04;-2.05;0
96045;102148.75;-23.437;-49.80;-67.87;989.75;1.23;-0.47;-1.05;0
96147;102150.38;15.931;-43.46;-76.66;992.68;-0.17;-0.99;-3.24;0
96249;102149.56;-7.966;-59.57;-77.64;997.56;-0.50;0.37;-1.55;0
96351;102151.34;17.463;-58.59;-63.48;1007.32;0.07;-0.89;-0.80;0
96453;102151.20;-1.379;-48.34;-51.27;1000.00;0.08;1.21;-0.01;0
96555;102150.16;-10.263;-54.20;-80.57;991.21;-0.13;-2.10;-0.03;0
96657;102149.22;-9.191;-62.01;-78.12;1018.55;0.06;-0.83;-0.29;0
96759;102151.00;17.463;-58.11;-64.45;986.33;1.27;0.85;-0.21;0
96861;102149.80;-11.795;-61.52;-58.11;1005.37;0.76;-0.27;-1.35;0
96963;102150.61;7.966;-70.80;-70.80;1015.14;0.95;0.97;-0.50;0
97065;102149.63;-9.651;-46.39;-69.82;997.07;-0.06;1.11;-0.89;0
97167;102150.78;11.336;-65.92;-71.78;993.16;-0.20;3.53;0.18;0
97269;102149.98;-7.812;-61.52;-64.94;1016.60;0.76;2.94;-2.23;0
97371;102149.23;-7.353;-59.57;-70.31;1001.46;0.22;-0.81;0.03;0
97473;102150.64;13.787;-51.76;-65.43;1009.77;0.55;0.86;-2.97;0
97575;102149.91;-7.200;-60.55;-65.92;1000.98;2.38;1.92;-0.37;0
97677;102150.94;10.110;-50.29;-86.91;987.30;2.04;0.80;-0.40;0
97779;102150.59;-3.370;-54.20;-69.82;1012.70;1.50;-1.47;-2.93;0
97881;102150.50;-0.919;-56.15;-71.78;1005.37;0.98;0.29;-1.73;0
97983;102149.92;-5.668;-51.76;-80.08;1000.98;0.16;-1.47;-0.52;0
98085;102150.06;1.379;-56.15;-62.99;996.09;2.55;0.67;1.76;0
98187;102151.50;14.093;-50.29;-70.80;1006.35;2.92;-0.85;-1.29;0
98289;102150.03;-14.400;-55.66;-75.68;999.51;0.11;-0.25;-1.00;0
98391;102150.69;6.434;-53.71;-64.94;995.12;1.43;0.29;-1.93;0
98493;102149.59;-10.723;-52.73;-76.17;1022.46;1.01;2.83;-0.66;0
98595;102150.64;10.263;-46.39;-73.73;990.23;0.08;-1.77;-2.75;0
98697;102150.59;-0.460;-54.20;-80.08;991.70;1.91;-2.05;-2.28;0
98799;102150.11;-4.749;-47.36;-67.87;1001.46;0.58;-0.95;-0.09;0
98901;102150.20;0.919;-54.20;-83.50;1008.30;1.12;0.84;-0.07;0
99003;102149.67;-5.208;-60.06;-67.38;986.82;0.33;3.93;-0.34;0
99105;102151.39;16.850;-53.71;-88.38;986.82;1.43;-1.23;-0.06;0
99207;102149.64;-17.157;-50.78;-79.10;999.51;0.18;-1.15;-2.93;0
99309;102150.41;7.506;-55.18;-90.82;994.63;1.28;4.00;-0.59;0
99411;102149.91;-4.902;-48.83;-63.96;998.54;1.41;0.54;-2.32;0
99513;102150.17;2.604;-67.38;-85.45;1005.37;0.34;0.40;-0.37;0
99615;102149.78;-3.830;-59.57;-86.91;1002.93;2.06;-0.87;1.53;0
99717;102149.72;-0.613;-59.57;-63.48;1003.42;0.05;2.60;-0.69;0
99819;102150.06;3.370;-63.48;-67.87;1000.49;0.33;1.73;1.44;0
99921;102150.14;0.766;-59.57;-78.61;992.19;0.98;-0.47;-1.76;0
100023;102150.17;0.306;-51.27;-64.45;979.00;1.53;2.50;-0.62;0
100125;102150.34;1.685;-57.62;-73.73;1007.32;0.23;-0.40;0.38;0
100227;102149.64;-6.893;-54.20;-76.66;996.09;-0.01;-1.57;-0.61;0
100329;102150.19;5.362;-58.59;-68.36;990.72;2.30;1.60;-0.31;0
100431;102149.61;-5.668;-44.92;-60.06;1001.46;0.07;0.22;-1.55;0
100533;102150.05;4.289;-58.59;-83.98;1003.91;1.40;3.12;0.93;0
100635;102150.59;5.362;-60.06;-77.64;1002.44;0.74;-1.74;-2.07;0
100737;102150.94;3.370;-50.29;-71.78;1003.42;2.00;-0.19;-2.20;0
100839;102149.69;-12.255;-55.18;-71.29;1016.60;0.08;0.83;0.18;0
100941;102151.34;16.238;-49.32;-72.27;1004.88;-1.34;3.99;-0.92;0
101043;102150.97;-3.676;-56.64;-75.68;999.51;1.63;3.41;-2.97;0
101145;102148.66;-22.672;-53.22;-68.36;1003.91;-1.50;2.37;-0.86;0
101247;102149.20;5.362;-50.29;-77.15;985.84;-0.21;0.42;-0.85;0
101349;102150.31;10.876;-54.69;-74.22;1005.37;0.60;0.39;1.41;0
101451;102149.25;-10.417;-67.38;-67.87;1007.32;1.33;1.51;-1.44;0
101553;102149.63;3.676;-58.59;-78.61;1000.00;0.15;2.40;-2.25;0
101655;102148.94;-6.740;-48.34;-70.80;998.54;0.99;0.91;0.66;0
101757;102149.47;5.208;-58.59;-75.68;998.54;0.85;1.70;0.91;0
101859;102149.22;-2.451;-57.13;-78.61;1006.84;0.21;-2.75;-1.13;0
101961;102150.30;10.570;-42.48;-71.78;975.10;1.44;0.35;-0.39;0
102063;102149.45;-8.272;-49.32;-70.80;1009.28;2.15;-0.69;-2.35;0
102165;102148.94;-5.055;-59.08;-79.59;997.07;0.14;0.37;0.65;0
102267;102150.20;12.408;-47.85;-75.20;995.61;0.92;1.53;-0.97;0
102369;102150.22;0.153;-64.94;-76.66;1015.14;-1.02;0.00;-1.99;0
102471;102149.02;-11.795;-57.13;-73.24;998.54;0.71;0.89;0.03;0
102573;102151.83;27.574;-52.25;-67.87;987.30;1.47;-3.83;-1.85;0
102675;102149.78;-20.067;-52.25;-68.85;1005.86;0.79;0.24;0.07;0
102777;102150.75;9.498;-67.38;-83.01;1015.14;-0.67;2.69;-1.02;0
102879;102149.72;-10.110;-44.43;-59.08;1007.32;0.75;0.81;-2.27;0
102981;102151.39;16.391;-73.24;-78.61;1039.06;-0.22;1.69;1.11;1
103083;102149.38;-19.761;-56.64;-79.10;1029.30;3.02;-0.02;-1.05;1
103185;102150.97;15.625;-50.29;-82.03;1020.51;1.50;0.57;-1.59;0
103287;102150.13;-8.272;-45.90;-72.75;1044.43;0.74;3.39;-0.85;1
103389;102151.25;11.029;-65.92;-95.21;1062.99;1.85;0.25;0.49;1
103491;102149.28;-19.301;-48.34;-86.91;1043.46;1.36;-2.28;-2.15;1
103593;102148.89;-3.830;-73.73;-74.22;1052.25;0.76;-0.50;-0.40;1
103695;102148.75;-1.379;-48.34;-65.92;1056.64;2.00;1.36;-1.18;1
103797;102147.95;-7.812;-60.06;-77.64;1053.22;0.23;-0.60;-1.98;1
103899;102148.52;5.515;-60.06;-78.12;1055.18;0.28;1.99;1.69;1
104001;102147.33;-11.642;-71.29;-88.87;1066.41;1.05;1.80;-1.12;1
104103;102146.55;-7.659;-60.06;-77.15;1065.92;0.15;-1.12;-0.18;1
104205;102144.50;-20.067;-54.69;-83.01;1056.15;-0.47;2.91;-0.67;1
104307;102144.39;-1.072;-63.96;-68.85;1070.80;0.68;-1.76;0.24;1
104409;102142.94;-14.246;-45.90;-66.41;1035.64;1.18;1.36;-0.24;1
104511;102141.97;-9.498;-49.32;-69.34;1035.16;2.69;1.18;-0.75;1
104613;102141.19;-7.659;-60.55;-80.57;1046.39;-0.88;-0.82;-0.79;1
104715;102140.95;-2.298;-61.04;-75.68;1010.74;0.27;1.67;-2.11;0
104817;102138.81;-20.987;-62.01;-70.80;1054.69;0.56;-1.18;-1.38;1
104919;102136.48;-22.825;-48.34;-78.61;1021.00;-0.02;-0.47;-0.92;0
105021;102135.61;-8.578;-57.13;-81.54;1011.23;2.42;-0.13;-2.64;0
105123;102134.19;-13.940;-76.66;-89.84;1027.83;-0.01;-0.50;-1.17;1
105225;102133.03;-11.336;-73.73;-80.08;1030.76;0.45;1.99;0.12;1
105327;102133.25;2.145;-47.85;-59.08;1001.46;0.04;1.81;-0.22;0
105429;102130.20;-29.871;-79.10;-84.96;1024.41;0.56;-0.08;-2.24;1
105531;102131.47;12.408;-28.32;-54.20;979.98;1.82;2.79;-2.48;0
105633;102128.38;-30.331;-68.36;-79.10;994.14;0.65;-1.18;0.15;0
105735;102127.39;-9.651;-56.64;-62.01;1005.37;0.42;1.76;-1.33;0
105837;102125.95;-14.093;-44.43;-59.08;1009.28;-1.41;0.34;-2.60;0
105939;102125.08;-8.578;-73.24;-101.56;1001.95;-0.31;-2.40;-1.21;0
106041;102125.34;2.604;-43.95;-59.08;999.02;1.42;1.28;0.32;0
106143;102124.72;-6.127;-78.12;-92.77;1025.88;-0.21;1.40;0.21;1
106245;102122.45;-22.212;-32.23;-58.11;971.19;1.04;1.11;-0.66;0
106347;102120.47;-19.455;-68.36;-66.41;1008.30;0.93;2.56;-1.08;0
106449;102119.64;-8.119;-51.27;-79.10;1000.49;0.18;0.99;-1.12;0
106551;102119.81;1.685;-47.36;-71.78;1003.42;0.24;2.35;-2.50;0
106653;102116.83;-29.259;-68.36;-70.80;1012.70;-0.50;-2.08;-0.37;0
106755;102117.31;4.749;-49.32;-59.57;1012.70;1.89;0.15;-2.20;0
106857;102115.13;-21.446;-64.45;-67.38;977.05;2.75;0.62;-1.91;0
106959;102115.02;-1.072;-61.04;-71.29;986.82;4.04;-0.15;-1.96;0
107061;102113.31;-16.697;-54.20;-81.05;1004.39;-1.76;-0.18;0.30;0
107163;102112.05;-12.408;-45.41;-61.04;956.54;1.10;0.72;0.26;1
107265;102111.06;-9.651;-59.57;-71.78;1021.48;1.74;-2.11;-1.30;0
107367;102108.17;-28.339;-41.99;-75.68;1009.77;-1.42;-0.05;-1.28;0
107469;102107.84;-3.217;-81.54;-83.50;1024.41;-1.73;-0.27;-2.02;1
107571;102106.81;-10.110;-52.73;-74.71;973.63;1.03;2.18;-1.48;0
107673;102104.59;-21.752;-52.25;-79.10;1033.20;0.92;1.22;-0.50;1
107775;102103.52;-10.570;-56.15;-72.27;979.49;3.40;0.27;-1.62;0
107877;102104.13;5.974;-62.01;-64.94;978.52;1.65;1.52;0.35;0
107979;102101.06;-30.025;-42.97;-70.80;1004.88;0.89;0.31;-0.82;0
108081;102100.39;-6.587;-46.88;-69.34;993.65;1.92;0.52;-2.29;0
108183;102099.59;-7.812;-49.32;-67.87;982.42;1.30;0.20;-1.28;0
108285;102098.45;-11.183;-45.41;-65.92;977.54;0.60;-1.61;-1.62;0
108387;102097.34;-10.876;-51.27;-85.45;1003.91;0.89;-2.02;0.31;0
108489;102095.84;-14.706;-67.87;-73.73;979.98;0.47;2.43;-1.45;0
108591;102093.75;-20.527;-54.69;-56.15;987.79;-0.80;1.01;-1.78;0
108693;102093.44;-3.064;-62.99;-70.80;953.61;-0.81;0.95;-1.92;1
108795;102092.83;-5.974;-59.08;-74.22;964.36;0.53;1.38;0.69;1
108897;102090.73;-20.527;-54.69;-58.11;937.01;1.87;1.08;-3.03;1
108999;102091.25;5.055;-44.92;-69.82;943.85;1.07;-1.62;-0.79;1
109101;102089.94;-12.868;-58.59;-61.52;945.80;0.93;2.33;1.27;1
109203;102088.52;-13.940;-44.43;-56.64;930.66;-1.66;1.22;0.95;1
109305;102086.39;-20.833;-50.78;-76.17;970.70;1.40;2.84;0.53;0
109407;102085.39;-9.804;-49.32;-77.64;939.94;2.26;-1.47;-0.66;1
109509;102085.92;5.208;-58.59;-85.45;954.59;0.21;-0.56;0.65;1
109611;102084.77;-11.336;-47.85;-61.52;965.33;0.81;2.35;-2.32;1
109713;102083.94;-8.119;-67.87;-69.82;969.73;0.16;-0.66;-0.73;0
109815;102085.00;10.417;-57.13;-76.17;938.48;1.69;0.08;-0.18;1
109917;102083.06;-18.995;-60.06;-76.17;957.52;0.89;2.79;-0.69;1
110019;102082.73;-3.217;-50.29;-76.66;949.22;0.95;0.35;-0.30;1
110121;102082.48;-2.451;-54.69;-74.22;948.73;2.44;-0.78;0.41;1
110223;102081.27;-11.949;-45.90;-74.71;934.08;0.56;0.98;-0.26;1
110325;102081.09;-1.685;-55.66;-59.08;935.55;2.18;-1.38;-0.22;1
110427;102081.70;5.974;-50.78;-61.52;967.29;0.74;-0.02;-3.08;0
110529;102081.08;-6.127;-64.45;-72.75;976.56;1.46;1.84;0.38;0
110631;102080.77;-3.064;-64.45;-70.80;964.84;0.87;1.82;0.51;1
110733;102081.53;7.506;-53.71;-78.61;966.80;1.15;0.14;-1.02;0
110835;102080.36;-11.489;-61.52;-66.89;997.56;-0.67;2.11;-1.20;0
110937;102080.78;4.136;-56.15;-69.34;993.16;0.05;-0.66;-0.31;0
111039;102081.88;10.723;-53.22;-76.66;1000.49;1.04;-0.63;-0.94;0
111141;102082.88;9.804;-54.20;-71.78;1003.42;1.65;-0.46;-1.06;0
111243;102082.59;-2.757;-57.13;-80.57;1002.44;-0.11;-0.11;-1.53;0
111345;102082.88;2.757;-48.34;-61.04;1004.39;0.46;0.52;-0.51;0
111447;102082.06;-7.966;-58.11;-78.12;993.16;1.93;-0.34;0.12;0
111549;102082.41;3.370;-55.18;-77.64;1000.98;-0.65;0.72;0.78;0
111651;102082.14;-2.604;-62.50;-73.24;972.17;-0.24;-1.03;0.22;0
111753;102082.30;1.532;-48.83;-55.66;970.70;-0.64;1.10;0.23;0
111855;102081.75;-5.362;-50.78;-74.71;996.58;-2.47;0.58;-2.69;0
111957;102082.13;3.676;-57.62;-71.78;987.30;0.17;0.74;-3.02;0
112059;102081.69;-4.289;-55.18;-66.41;1008.79;2.04;-0.02;-0.44;0
112161;102081.95;2.604;-67.87;-63.96;1008.30;-0.04;0.47;-0.84;0
112263;102081.86;-0.919;-65.43;-66.41;991.70;0.60;0.55;0.96;0
112365;102082.89;10.110;-47.36;-73.24;1001.46;1.52;-0.46;-1.82;0
112467;102083.11;2.145;-54.69;-83.01;996.58;1.84;1.02;-1.59;0
112569;102082.45;-6.434;-47.36;-66.41;995.12;0.47;0.33;-0.03;0
112671;102080.55;-18.689;-62.99;-76.66;998.05;0.95;3.53;-0.27;0
112773;102082.13;15.472;-53.22;-76.66;998.05;1.42;-1.58;0.25;0
112875;102083.63;14.706;-49.32;-74.71;996.58;0.08;-0.47;-2.07;0
112977;102081.84;-17.463;-52.73;-63.96;1008.79;2.28;-0.73;-0.73;0
113079;102083.22;13.480;-45.41;-65.92;996.09;-0.25;3.66;-0.50;0
113181;102081.53;-16.544;-52.25;-79.59;994.63;1.24;0.69;-1.13;0
113283;102082.31;7.659;-47.85;-74.71;1015.14;1.75;2.34;-0.70;0
113385;102081.17;-11.183;-65.43;-79.10;1002.44;2.11;-0.92;0.98;0
113487;102083.88;26.501;-68.36;-70.80;1000.00;-1.19;-0.52;1.60;0
113589;102082.11;-17.310;-59.08;-72.75;1005.86;0.73;1.54;1.52;0
113691;102082.53;4.136;-51.76;-72.75;986.82;1.18;0.29;0.96;0
113793;102082.03;-4.902;-52.73;-72.27;988.77;2.21;2.50;-0.35;0
113895;102082.06;0.306;-48.34;-75.68;979.00;0.52;-0.73;-1.37;0
113997;102083.25;11.642;-49.80;-80.57;977.54;1.17;-0.85;-1.79;0
114099;102082.48;-7.506;-57.13;-68.36;1011.23;-0.15;-2.30;-2.16;0
114201;102082.89;3.983;-62.99;-72.27;1007.81;0.29;0.44;-1.68;0
114303;102081.58;-12.868;-58.11;-75.20;1000.98;2.11;-2.35;-1.87;0
114405;102081.69;1.072;-63.96;-83.50;991.70;1.50;1.50;-0.42;0
114507;102082.81;11.029;-54.69;-87.40;1031.25;4.06;0.65;0.21;1
114609;102082.20;-5.974;-68.85;-75.68;1007.32;2.49;1.29;-0.44;0
114711;102082.88;6.587;-53.22;-78.61;985.35;0.63;-2.01;-1.63;0
114813;102082.36;-5.055;-41.50;-65.43;1010.74;0.16;-2.14;-0.32;0
114915;102081.34;-9.957;-53.22;-81.05;1022.46;1.32;0.98;-0.87;0
115017;102082.22;8.578;-52.25;-85.45;1011.23;-0.06;-0.93;-2.08;0
115119;102082.81;5.821;-60.06;-74.71;997.56;1.20;3.17;-2.63;0
115221;102083.38;5.515;-50.29;-83.50;991.70;-0.23;0.63;-0.27;0
115323;102082.91;-4.596;-58.59;-58.11;976.56;1.40;1.59;1.76;0
115425;102083.58;6.587;-50.29;-73.24;993.16;0.77;0.57;-0.02;0
115527;102081.75;-17.923;-52.73;-71.29;987.30;1.73;0.16;-1.01;0
115629;102081.41;-3.370;-39.06;-64.94;990.23;-0.42;3.34;-1.87;0
115731;102082.09;6.740;-47.85;-55.66;994.63;0.50;2.93;-0.90;0
115833;102083.03;9.191;-52.73;-65.43;983.89;2.23;0.47;0.79;0
115935;102082.98;-0.460;-59.08;-74.22;1004.39;-0.10;2.15;1.09;0
116037;102082.77;-2.145;-66.41;-67.38;999.51;1.76;-0.21;0.55;0
116139;102081.95;-7.966;-42.48;-82.03;983.40;0.54;-0.86;0.58;0
116241;102082.44;4.749;-59.08;-60.55;1029.30;1.74;1.22;-1.85;1
116343;102082.53;0.919;-68.36;-80.57;1017.58;-0.16;0.71;-1.22;0
116445;102084.16;15.931;-73.73;-80.08;1020.02;0.31;-2.04;-0.26;0
116547;102081.83;-22.825;-68.85;-73.73;1011.72;0.57;2.09;-0.54;0
116649;102082.92;10.723;-61.04;-96.19;1010.25;-0.14;-0.81;-1.40;0
116751;102082.39;-5.208;-68.36;-81.54;1004.88;-1.03;0.09;-2.19;0
116853;102081.48;-8.885;-55.66;-83.01;995.61;0.16;-0.71;0.10;0
116955;102081.84;3.523;-54.20;-78.12;1010.74;0.38;1.77;-1.27;0
117057;102081.56;-2.757;-53.71;-71.29;995.12;-1.19;0.56;-0.40;0
117159;102083.23;16.391;-55.18;-76.17;1004.88;-0.64;-0.43;-0.92;0
117261;102082.84;-3.830;-76.17;-71.29;997.07;1.18;0.11;-0.62;0
117363;102082.28;-5.515;-54.20;-67.38;988.77;-0.21;-1.86;-1.09;0
117465;102083.17;8.732;-48.83;-75.20;984.86;0.28;0.56;-1.29;0
117567;102082.30;-8.578;-55.18;-79.59;989.26;1.49;1.74;-1.46;0
117669;102082.86;5.515;-51.76;-73.24;988.77;1.08;0.38;-0.97;0
117771;102082.39;-4.596;-51.76;-68.36;986.33;1.81;-1.33;-0.48;0
117873;102083.55;11.336;-57.13;-70.31;988.77;0.38;0.55;-1.90;0
117975;102082.80;-7.353;-57.13;-68.85;988.77;-0.44;0.69;-0.89;0
118077;102082.80;0.000;-61.52;-72.27;1002.44;0.35;2.64;-1.40;0
118179;102083.11;3.064;-65.92;-71.29;1008.30;0.62;1.15;0.06;0
118281;102082.64;-4.596;-66.89;-76.66;1010.25;1.74;-4.25;1.11;0
118383;102081.83;-7.966;-53.71;-78.12;1023.44;-0.92;1.65;-0.75;0
118485;102083.00;11.489;-55.66;-62.99;1000.98;-3.75;-3.27;-1.88;1
118587;102084.08;10.570;-45.90;-86.43;1020.51;1.25;0.59;-2.66;0
118689;102083.31;-7.506;-50.78;-73.24;1031.74;1.57;1.85;-0.76;1
118791;102082.95;-3.523;-59.08;-81.05;1007.81;-4.24;1.59;-1.71;0
118893;102083.61;6.434;-61.04;-67.38;997.07;1.60;-0.47;-1.31;0
118995;102082.83;-7.659;-55.66;-69.82;994.63;-1.63;-1.26;0.93;0
119097;102083.75;9.038;-62.99;-55.66;978.03;6.88;2.46;-0.71;1
119199;102083.50;-2.451;-48.83;-79.10;986.82;-1.47;0.53;-0.77;0
119301;102082.70;-7.812;-51.76;-75.68;993.16;0.77;2.24;-0.73;0
119403;102082.86;1.532;-61.04;-75.20;998.05;-4.29;-3.03;-2.15;1
119505;102082.47;-3.830;-52.25;-72.27;986.33;1.36;2.29;0.54;0
